名称,省份,真实城市,市县区,区号,电话,区域,地址,大分类,小分类,经度,纬度
大渡口公园,重庆,重庆,重庆,023,68833668,大渡口公园,文体路77号重庆市大渡口,景点,城市公园,106.482361,29.481445
海棠烟雨公园,重庆,重庆,重庆,023,,南滨路,南滨路海棠溪,景点,城市公园,106.587151,29.545067
鸿恩寺森林公园,重庆,重庆,重庆,023,67625577,小苑/鸿恩寺,鸿恩路,景点,森林公园,106.507118,29.569754
枇杷山公园,重庆,重庆,重庆,023,63519973,七星岗,中国重庆市渝中区两路口街道枇杷山正街74号（七星岗地铁站2号口步行480米）,景点,城市公园,106.557884,29.553911
重庆平顶山公园,重庆,重庆,重庆,023,65422238,小龙坎,小龙坎解放坡1-1号,景点,城市公园,106.474121,29.54718
渝中人民公园,重庆,重庆,重庆,023,63710552,朝天门,公园路1号（小什字地铁站5A口步行400米）,景点,城市公园,106.5812,29.555132
珊瑚公园,重庆,重庆,重庆,023,63626814,两路口,长江滨江路380号,景点,城市公园,106.554329,29.549467
石门公园,重庆,重庆,重庆,023,67075268,大石坝,大石坝七村200号（近214车站）,景点,城市公园,106.488426,29.566706
重庆动物园,重庆,重庆,重庆,023,63817001,动物园,西郊路西郊一村1号,景点,动物园,106.505798,29.504011
歌乐山国家森林公园,重庆,重庆,重庆,023,65505778;65510647,歌乐山,歌乐山国家森林公园,景点,森林公园,106.428276,29.567812
双龙湖,重庆,重庆,合川区,023,42592250,合川区其他,涞滩镇,景点,自然风光,106.419182,30.173721
渣滓洞,重庆,重庆,重庆,023,65314419,歌乐山,凌云路,景点,革命旧址,106.433411,29.58552
重庆歌乐山烈士陵园,重庆,重庆,重庆,023,65312300,歌乐山,烈士墓政法三村,景点,烈士陵园,106.442596,29.57184
磁器口古镇,重庆,重庆,重庆,023,65322661,磁器口,童家桥街道办事处幸福街6单元,景点,古村古镇,106.450066,29.580837
大足石刻,重庆,重庆,大足区,023,43766699,大足区,宝顶镇宝顶山游客服务中心,景点,历史建筑,105.794352,29.748089
重庆大轰炸“六五”隧道惨案史实展馆,重庆,重庆,重庆,023,63258441,解放碑,较场口87号附4号,景点,陈列馆,106.575722,29.553864
动步公园,重庆,重庆,重庆,023,,新牌坊,新南路140号龙湖西苑内(,景点,公园/广场,106.506165,29.603336
南山植物园,重庆,重庆,重庆,023,62479135,黄桷垭/南山,南山公园路101号,景点,植物园,106.627937,29.555403
天赐温泉,重庆,重庆,重庆,023,65708888,九龙坡区,含谷镇天赐路1号,景点,温泉,106.371033,29.512234
圣灯山森林公园,重庆,重庆,重庆,023,66486664,巴南区,圣灯山镇圣灯山村,景点,森林公园,106.696053,29.224113
洪崖洞民俗风貌区,重庆,重庆,重庆,023,63039950;63039995,洪崖洞,嘉陵江滨江路88号（近沧白路）,景点,步行街,106.578902,29.562271
仙女山国家森林公园,重庆,重庆,武隆区,023,4000235666,仙女山景区,仙女山国家森林公园,景点,森林公园,107.749221,29.496065
万州慈云寺,重庆,重庆,万州区,023,58122299,万达广场/移民广场,沙龙路一段1068号,景点,宗教,108.375107,30.801672
文文鱼艺术画廊,重庆,重庆,重庆,023,63109195,解放碑,民生路318号巴渝世家国际创意基地201号,景点,展览馆,106.569145,29.557096
海宇温泉大酒店,重庆,重庆,重庆,023,63179999;63179968,北碚城南,双元大道198号,景点,温泉,106.395531,29.802435
鹅岭公园瞰胜楼,重庆,重庆,重庆,023,63656270,两路口,鹅岭正街176号（鹅岭公园内）,景点,城市公园,106.538307,29.549974
黄葛古道,重庆,重庆,重庆,023,,上新街,上新街前驱路277号,景点,古道,106.596873,29.540943
曾家岩50号周公馆,重庆,重庆,重庆,023,63862323,上清寺,中山四路曾家岩50号,景点,革命旧址,106.550552,29.565308
海兰云天温泉度假区,重庆,重庆,重庆,023,65746374;65741111,九龙坡区,金凤镇海兰湖海韵路1号2幢（近白塔坪森林公园）,景点,温泉,106.279472,29.504471
乐和乐都动物主题乐园,重庆,重庆,永川区,023,61179888,永川区其他,卫星湖街道凤龙路999号,景点,主题乐园,105.907815,29.290899
重庆中国三峡博物馆,重庆,重庆,重庆,023,63679066,北滨路,上清寺人民路236号,景点,博物馆,106.550484,29.561935
花卉园,重庆,重庆,重庆,023,67615502;63266326,花卉园,花卉园西路1号,景点,植物园,106.514397,29.581459
碧津公园,重庆,重庆,重庆,023,67822587,两路,胜利路172号（碧津地铁站1号口步行220米）,景点,城市公园,106.630226,29.713806
红岩革命历史博物馆,重庆,重庆,重庆,023,63303457,化龙桥/重庆天地,化龙桥街道红岩路52号,景点,博物馆,106.499168,29.553959
统景温泉,重庆,重庆,重庆,023,67288666;67288333,渝北区,景泉路66号,景点,温泉,106.826568,29.859015
重庆抗战遗址博物馆,重庆,重庆,重庆,023,62462447;62462831,黄桷垭/南山,南山街道南山植物园路1号,景点,博物馆,106.617462,29.566492
双桂堂,重庆,重庆,梁平区,023,53378056,梁平区其他,金带镇双桂村,景点,宗教,107.706142,30.605509
中山古镇,重庆,重庆,江津区,023,47768968,江津区,中山镇老街,景点,古村古镇,106.331096,28.845545
四面山景区,重庆,重庆,江津区,023,47666888;47666559,江津区,四面山镇龙潭路四面山景区,景点,自然风光,106.41015,28.648181
罗汉寺,重庆,重庆,重庆,023,63814089,解放碑,民族路与五一路交叉口东南80米,景点,宗教,106.581596,29.559666
重庆乌江龚滩旅游度假区,重庆,重庆,酉阳土家族苗族自治县,023,75677000;75706888,酉阳土家族苗族自治县其他,龚滩镇207号,景点,古村古镇,108.355295,28.927011
缙云山景区,重庆,重庆,重庆,023,68347130,缙云山,缙云山路27号,景点,自然风光,106.391441,29.844875
道教老君洞,重庆,重庆,重庆,023,62881055,黄桷垭/南山,南山街道老君坡29号,景点,宗教,106.601896,29.542024
涞滩古镇,重庆,重庆,合川区,023,42561888;42561777,合川区其他,涞滩镇涞兴街附近,景点,古村古镇,106.492991,30.174042
西沱古镇,重庆,重庆,石柱土家族自治县,023,,石柱土家族自治县其他,西沱镇石宝寨对面长江南岸,景点,古村古镇,108.220856,30.406956
小南海国家地质公园,重庆,重庆,黔江区,023,79856399;79856299,黔江区,小南海镇南海村,景点,自然风光,108.742012,29.643114
洪安古镇,重庆,重庆,秀山土家族苗族自治县,023,,秀山土家族苗族自治县其他,洪安镇边城路与洪渡路交叉口,景点,古村古镇,109.271974,28.499122
东溪古镇,重庆,重庆,綦江区,023,,綦江区其他,东溪镇正街20号,景点,古村古镇,106.674248,28.758777
丰盛古镇,重庆,重庆,重庆,023,66431107;66431791,巴南区,福寿街与响水街交叉口南侧,景点,古村古镇,106.934502,29.527859
芙蓉洞景区,重庆,重庆,武隆区,023,77742278;77741475,武隆区其他,芙蓉路88号,景点,自然风光,107.909781,29.219579
巴渝民俗文化村,重庆,重庆,重庆,023,67823414,两路,双龙大道87号,景点,民俗文化村,106.629639,29.710815
神女峰景区,重庆,重庆,巫山县,023,57756666;85525123,巫山县其他,滨江路2码头,景点,自然风光,110.01419,31.03244
武隆天生三桥,重庆,重庆,武隆区,023,4000235666,仙女山景区,银杏大道仙女山镇32号天生三桥游客接待中心,景点,自然风光,107.805125,29.433585
刘伯承同志纪念馆,重庆,重庆,开州区,023,52222914,开州区其他,盛山社区781号,景点,纪念馆,108.413651,31.189665
融汇温泉,重庆,重庆,重庆,023,65269999,沙坪坝区,汇泉路6号（近三峡广场）,景点,温泉,106.440844,29.540775
重庆华岩旅游区,重庆,重庆,重庆,023,65258900,华岩新城,华岩寺路华岩村151号,景点,园林,106.444595,29.488375
龙水峡地缝景区,重庆,重庆,武隆区,023,77790777;4008023666,仙女山景区,仙女镇银杏大道32号,景点,自然风光,107.792006,29.398819
白帝城·瞿塘峡景区,重庆,重庆,奉节县,023,85991001,奉节县其他,瞿塘峡口长江北岸白帝城风景区,景点,自然风光,109.603399,31.029694
宝轮寺,重庆,重庆,重庆,023,,磁器口,磁南街1号磁器口景区内,景点,宗教,106.452469,29.582201
重庆历史名人馆,重庆,重庆,重庆,023,63103378;63103217,大坪,经纬大道康德国际写字楼2幢18楼,景点,陈列馆,106.517525,29.542978
红岩魂广场,重庆,重庆,重庆,023,,歌乐山,童家桥正街附近,景点,广场,106.444756,29.572031
长江索道景区,重庆,重庆,重庆,023,68816888,解放碑,新华路151号（小什字地铁站5B口旁）,景点,城市观光,106.59002,29.554501
重庆市规划展览馆,重庆,重庆,重庆,023,63730777,朝天门,南滨路131号,景点,陈列馆,106.588867,29.575848
佛图关公园,重庆,重庆,重庆,023,,渝中区,中国重庆市渝中区长江一路鹅颈巷8号（佛图关地铁站2号口步行270米）,景点,文化公园,106.526918,29.547551
金观地下商业街,重庆,重庆,重庆,023,67953655,观音桥,观音桥步行街,景点,步行街,106.532084,29.575614
重庆市江北嘴中央商务区中央公园,重庆,重庆,重庆,023,,五里店/江北嘴,黄花园大桥北桥头,景点,城市公园,106.576088,29.572216
钓鱼城景区,重庆,重庆,合川区,023,42718788;42822763,合川区其他,钓鱼城大道南水军码头,景点,古代遗迹,106.31111,30.00366
大足宏声文化广场,重庆,重庆,大足区,023,,大足区,北环中路与宏声西路交叉口东北角,景点,广场,105.721637,29.704683
百林公园,重庆,重庆,重庆,023,67769998,渝北区,黄山大道中段1号,景点,城市公园,106.506467,29.61511
北碚公园,重庆,重庆,重庆,023,68359503,老城区/天奇广场,碚峡路106号,景点,城市公园,106.442612,29.827463
秀山土家族苗族滨江公园,重庆,重庆,秀山土家族苗族自治县,023,,秀山土家族苗族自治县其他,滨江路西,景点,城市公园,108.986862,28.439468
朝华文化公园,重庆,重庆,丰都县,023,,丰都县其他,三合镇平都大道西段136号,景点,文化公园,107.727383,29.865559
大垭口森林公园,重庆,重庆,开州区,023,58410337,开州区其他,香樟圆西大哑口,景点,森林公园,108.343927,30.925238
东山森林公园,重庆,重庆,梁平区,023,53222807,梁平区其他,蟠龙镇北环路487号,景点,森林公园,107.83136,30.642733
垫江凤山公园,重庆,重庆,垫江县,023,74666316,垫江,桂溪街道凤山宾馆附近,景点,城市公园,107.352043,30.326864
海棠公园,重庆,重庆,荣昌区,023,46785834,昌州故里,公园路178号,景点,城市公园,105.591541,29.411855
合川人民公园,重庆,重庆,合川区,023,42822910,城北,公园路27号,景点,城市公园,106.266563,29.999508
红池坝国家森林公园,重庆,重庆,巫溪县,023,51690000;51725555,巫溪县其他,红池坝景区,景点,森林公园,109.07261,31.539429
后堡公园,重庆,重庆,重庆,023,60539709,南坪,南坪正街83号（沁园蛋糕旁）,景点,城市公园,106.570168,29.539179
花山公园,重庆,重庆,南川区,023,186****3069,花山公园,东环路21号,景点,城市公园,107.106827,29.160496
黄葛渡公园,重庆,重庆,重庆,023,,南坪,南坪北路,景点,公园/广场,106.565189,29.534739
黄水国家森林公园,重庆,重庆,石柱土家族自治县,023,,石柱土家族自治县其他,404省道,景点,森林公园,108.402405,30.22691
江边公园,重庆,重庆,重庆,023,68864224,九滨路,培峡路,景点,城市公园,106.530655,29.538342
九重山国家森林公园,重庆,重庆,城口县,023,,城口县其他,城黔路西50米,景点,森林公园,108.556487,31.899107
龙凤溪公园,重庆,重庆,重庆,023,68284113,北碚区,望月村53号,景点,城市公园,106.432663,29.81785
铝镇公园,重庆,重庆,重庆,023,,西彭,铝城正街614千叶眼镜200,景点,城市公园,106.3284,29.303608
美茵运动公园,重庆,重庆,重庆,023,,开发区,石桥铺街道兰美路港城凤鸣香山东南150米,景点,城市公园,106.461761,29.528509
南州公园,重庆,重庆,綦江区,023,48663140,綦江区其他,陵园路21号,景点,城市公园,106.646784,29.024962
蟠龙湖公园,重庆,重庆,合川区,023,,城北,合阳城街道华西医院南侧,景点,城市公园,106.261909,30.000772
沙龙公园,重庆,重庆,万州区,023,58142004,沙龙路,沙龙路一段1278号,景点,城市公园,108.371323,30.800964
山谷公园,重庆,重庆,彭水苗族土家族自治县,023,,彭水苗族土家族自治县其他,高家台街10号附近,景点,城市公园,108.167152,29.29015
石马山公园,重庆,重庆,梁平区,023,53253789,石马山游乐园,梁山街道石马路111号,景点,城市公园,107.797955,30.661916
双龙湖公园,重庆,重庆,重庆,023,,两路,双龙湖街道双龙大道183号,景点,公园/广场,106.626251,29.708551
双桥公园,重庆,重庆,大足区,023,43332519,大足区,双龙西路23号,景点,城市公园,105.771217,29.485073
万州太白岩公园,重庆,重庆,万州区,023,,万州区其他,太白街道沙龙路一段（长城长大酒店西）,景点,纪念公园,108.367096,30.808619
天生城公园,重庆,重庆,万州区,023,,天城区,周家坝街道天龙路368号,景点,城市公园,108.365903,30.831045
西山公园,重庆,重庆,万州区,023,,万达广场/移民广场,王牌路13号附3号,景点,公园/广场,108.384567,30.802689
新泰桂山市民公园,重庆,重庆,永川区,023,49863677,老城区,中山路街道玉屏路83号,景点,城市公园,105.897469,29.353127
渝高公园,重庆,重庆,重庆,023,68635054;68635064,石桥铺,科园三街101号（石桥铺地铁站3号口步行450米）,景点,城市公园,106.488228,29.529541
玉峰山森林公园,重庆,重庆,重庆,023,67616763,渝北区,玉峰山镇玉峰村,景点,森林公园,106.695087,29.639457
云阳龙缸景区,重庆,重庆,云阳县,023,55333111,龙缸景区,清水土家族乡,景点,自然风光,109.013656,30.676087
永川中央公园,重庆,重庆,永川区,023,,新城区,区公安局对面,景点,城市公园,105.931419,29.350912
重庆棕榈泉生态公园,重庆,重庆,重庆,023,,北部新区,金开大道88号（和睦路地铁站3号口步行480米）,景点,公园/广场,106.540443,29.629368
阿蓬江风景区,重庆,重庆,黔江区,023,81585678,黔江区,新华东路618号,景点,自然风光,108.663315,29.104689
白鹭大庄园,重庆,重庆,重庆,023,,九龙坡区,白市驿镇三多桥村白市驿收费站出口500米路标,景点,动物园,106.331741,29.505152
花果村白云寺,重庆,重庆,重庆,023,,渝北区,段拖路,景点,宗教,106.852016,29.911065
冯玉祥旧居,重庆,重庆,重庆,023,65630063,大学城,学城大道,景点,名人故居,106.334351,29.603884
金佛山,重庆,重庆,南川区,023,71669888;87858111,金佛山景区,三汇村金佛山西坡景区,景点,自然风光,107.108674,29.05371
金堂湖景区,重庆,重庆,璧山区,023,,璧山区其他,正兴镇凉水井,景点,自然风光,106.142049,29.466265
荆竹峡-汉风神谷景区,重庆,重庆,巫溪县,023,51683142,巫溪县其他,三峡博物馆远古巫文化分馆,景点,自然风光,109.645897,31.547941
龙桥河景区,重庆,重庆,奉节县,023,81765678,奉节县其他,龙桥土家族乡蜀鄂村15组,景点,自然风光,109.378822,30.530258
弥陀禅院,重庆,重庆,万州区,023,58350239;58348468,北山,北山一支路199号,景点,宗教,108.385666,30.823343
妙音山紫竹寺,重庆,重庆,綦江区,023,,黑山谷景区,万东镇五斗堡社,景点,宗教,106.947311,28.945951
南岸观音寺,重庆,重庆,重庆,023,,四公里,学府大道39号（六公里地铁站1号口步行480米）,景点,宗教,106.574219,29.502197
南彭水库,重庆,重庆,重庆,023,,巴南区,S104（渝黔公路）,景点,现代建筑,106.688698,29.319057
南天湖景区,重庆,重庆,丰都县,023,70750266,仙女山景区,紫霄路东段天湖国际东南400米,景点,自然风光,107.814047,29.578948
南温泉,重庆,重庆,重庆,023,62841111;62841666,巴南区,南泉街道南泉路6号,景点,温泉,106.578262,29.421709
能仁寺,重庆,重庆,重庆,023,136****5763,解放碑,中华路92号（较场口地铁站9号口步行240米）,景点,宗教,106.576752,29.555737
聂荣臻元帅陈列馆,重庆,重庆,江津区,023,47560944;47562678,鼎山,鼎山大道386号,景点,陈列馆,106.260725,29.275068
綦江古剑山,重庆,重庆,綦江区,023,81711055;48699114,綦江区其他,古南街道清水村,景点,自然风光,106.611008,28.954904
三多桥白鹭自然保护区,重庆,重庆,重庆,023,,九龙坡区,白市驿正街92号,景点,自然保护区,106.331615,29.505456
石宝寨,重庆,重庆,忠县,023,54215063,忠县其他,石宝镇,景点,历史建筑,108.191985,30.421207
石林寺,重庆,重庆,重庆,023,,大渡口区,跳磴镇石林寺,景点,宗教,106.416267,29.418362
石柱县革命烈士陵园,重庆,重庆,石柱土家族自治县,023,,石柱土家族自治县其他,南宾路与观音街交叉口西南150米,景点,烈士陵园,108.11679,29.995786
重庆宋庆龄旧居陈列馆,重庆,重庆,重庆,023,63894317,两路口,两路口新村5号,景点,陈列馆,106.54879,29.554134
温泉寺,重庆,重庆,重庆,023,,北温泉,212国道重庆北泉风景区附近,景点,宗教,106.415543,29.857843
巫溪灵巫洞,重庆,重庆,巫溪县,023,51682061,巫溪县其他,谭家墩社区新街11号,景点,自然风光,109.5968,31.482946
酉阳桃花源,重庆,重庆,酉阳土家族苗族自治县,023,75532359,酉阳土家族苗族自治县其他,桃花源街道桃花源路232号,景点,自然风光,108.752912,28.851986
重庆雨台山风景区,重庆,重庆,涪陵区,023,72769188;173****8193,涪陵区其他,江东朋乐路1800号,景点,自然风光,107.442737,29.730073
张自忠烈士陵园,重庆,重庆,重庆,023,68257800,北碚城南,双柏路516号,景点,烈士陵园,106.41053,29.809397
天友旅行社,重庆,重庆,重庆,023,157****3751,两路口,两路口天友大酒店1楼,景点,旅行社,106.549284,29.553564
武隆旅游营销中心,重庆,重庆,重庆,023,,南坪,珊瑚路与南坪西路交叉路口往西南约100米（惠工大厦）,景点,旅行社,106.567161,29.533781
渝之旅国际旅行社,重庆,重庆,重庆,023,63730663,解放碑,民生路9号阳光星座6-2号（万豪酒店对面）,景点,旅行社,106.570072,29.557014
重庆巴人博物馆,重庆,重庆,重庆,023,68159746,巴国城,二郎街道九龙园区红狮大道6号,景点,博物馆,106.471764,29.499802
大韩民国临时政府旧址陈列馆,重庆,重庆,重庆,023,63820752,七星岗,莲花池38号,景点,陈列馆,106.56955,29.555763
钓鱼城古战场遗址博物馆,重庆,重庆,合川区,023,42822763,合川区其他,钓鱼城街道石马街4号,景点,博物馆,106.316162,30.004745
飞虎展览馆,重庆,重庆,重庆,023,,渝中区,嘉陵新路62号（佛图关地铁站1号口步行200米）,景点,陈列馆,106.533469,29.550363
国民参政会旧址,重庆,重庆,重庆,023,139****8854,解放碑,中华路168号（临江门地铁站3号口步行100米）,景点,历史建筑,106.574883,29.556957
红岩魂陈列馆,重庆,重庆,重庆,023,65312300,歌乐山,政法三村63号,景点,陈列馆,106.442352,29.572224
渝中清真寺,重庆,重庆,重庆,023,63844457,较场口,中兴路5号重庆穆斯林大厦,景点,宗教,106.572327,29.552944
邱少云烈士纪念馆,重庆,重庆,铜梁区,023,45632537,铜梁区其他,民主路64号,景点,纪念馆,106.051125,29.847725
史迪威博物馆,重庆,重庆,重庆,023,63609515,渝中区,嘉陵新路63号,景点,博物馆,106.533037,29.550585
武隆博物馆,重庆,重庆,武隆区,023,77723551,武隆县都市广场,芙蓉中路81号县图书馆负一楼和二楼,景点,博物馆,107.768852,29.326351
赵世炎烈士故居,重庆,重庆,酉阳土家族苗族自治县,023,75312067,酉阳土家族苗族自治县其他,龙潭镇赵庄社区赵庄路219号,景点,名人故居,108.974937,28.760857
重庆自然博物馆,重庆,重庆,重庆,023,60313777;63521630,北碚城南,金华路398号,景点,博物馆,106.407738,29.818926
桥口坝温泉浴疗中心,重庆,重庆,重庆,023,66481800,巴南区,一品街道桥口坝村七社,景点,温泉,106.539558,29.281109
泰古广场,重庆,重庆,重庆,023,023-63630099,上清寺,人民路131号,景点,广场,106.554207,29.562508
圣寿寺,重庆,重庆,大足区,023,43722207,大足区,宝顶镇香山街6号,景点,宗教,105.798589,29.751319
中国国际旅行社,重庆,重庆,重庆,023,68416380,杨家坪,团结路50号向西20米,景点,旅行社,106.513688,29.508278
龙头寺公园,重庆,重庆,重庆,023,,龙头寺,五红路36号附近,景点,城市公园,106.554909,29.588188
501艺术基地,重庆,重庆,重庆,023,,黄桷坪,黄桷坪正街5-15号,景点,创意园区,106.54335,29.486532
中国旅行社,重庆,重庆,重庆,023,89072322,观音桥,华新街街道建新西路2号协信黄金海岸1楼内圈（近中信大厦）,景点,旅行社,106.533443,29.571822
三峡广场,重庆,重庆,重庆,023,65412693,三峡广场,渝碚路街道小新街83号,景点,广场,106.462479,29.557163
太极森林公园,重庆,重庆,涪陵区,023,72302037,涪陵区其他,荔枝街道望州路99号,景点,城市公园,107.373131,29.68818
重庆科技馆,重庆,重庆,重庆,023,61863050;61863051,五里店/江北嘴,江北城文星门街7号,景点,科技馆,106.577774,29.570993
若瑟堂,重庆,重庆,重庆,023,,解放碑,民生路280号（近新华社旧址）,景点,宗教,106.569777,29.557748
中国青年旅行社,重庆,重庆,重庆,023,152****4354,观音桥,观音桥街道建新北路5号邦兴北都26-05号,景点,旅行社,106.531402,29.572762
网逸国际旅行社,重庆,重庆,重庆,023,63877797,解放碑,南纪门街道七星岗民生路329号渝海大厦11楼,景点,旅行社,106.5691,29.5566
海棠晓月圣地温泉,重庆,重庆,重庆,023,62533100,南坪,南坪东路587号,景点,温泉,106.582596,29.53973
老街公园,重庆,重庆,重庆,023,,鱼洞,龙州大道江滨路东段1号,景点,城市公园,106.533539,29.382843
含笑公园,重庆,重庆,重庆,023,,鱼洞,莲花街道大江西路与石洋街交叉口西北150米,景点,城市公园,106.501099,29.391293
龙洲湾通江公园,重庆,重庆,重庆,023,,龙洲湾,龙洲大道6号,景点,城市公园,106.537651,29.391869
照母山森林公园,重庆,重庆,重庆,023,63027397,北部新区,金开大道西段88号,景点,自然风光,106.512466,29.628155
龙州湾滨江公园,重庆,重庆,重庆,023,,鱼洞,莲花街道龙海大道（近龙州大道）,景点,城市公园,106.51313,29.391064
樵坪山,重庆,重庆,重庆,023,62846789,巴南区,迎龙峡,景点,自然风光,106.670311,29.413858
桃花岛风景区,重庆,重庆,重庆,023,,巴南区,苏家浩村近城区,景点,自然风光,106.873212,29.595855
黑山谷景区,重庆,重庆,綦江区,023,48338893;48279999,黑山谷景区,万盛经济开发区,景点,自然风光,106.996149,28.881146
摩围山景区,重庆,重庆,彭水苗族土家族自治县,023,78866666;78488888,彭水苗族土家族自治县其他,靛水街道003乡道,景点,自然景观,108.024984,29.179262
巫山小三峡,重庆,重庆,巫山县,023,57756666,巫山县其他,小三峡旅游码头,景点,现代建筑,109.901188,31.234228
国会山公园,重庆,重庆,重庆,023,,南坪,辅仁大道,景点,城市公园,106.574971,29.528081
美心红酒小镇游乐园,重庆,重庆,涪陵区,023,72112866,涪陵区其他,渝巴路美心红酒小镇,景点,游乐场,107.184665,29.662867
重庆鳄鱼中心,重庆,重庆,重庆,023,67454848,北部新区,宝石路106号,景点,动物园,106.593094,29.644348
龙兴古镇,重庆,重庆,重庆,023,67345121,渝北区,龙兴镇南龙门001号,景点,古村古镇,106.793602,29.69841
重庆家晟温泉酒店,重庆,重庆,重庆,023,81920999,巴南区,东泉镇佛灵街19号,景点,温泉,106.86377,29.448063
磁器口民俗文化村,重庆,重庆,重庆,023,,磁器口,磁器口古镇马鞍山顶,景点,民俗文化村,106.451311,29.580451
梨子坪森林公园,重庆,重庆,巫山县,023,57751089,巫山县其他,骡坪镇境内,景点,森林公园,110.036629,31.199448
玉峰山生态园,重庆,重庆,重庆,023,67165333,渝北区,芳菲路玉峰山镇玉峰山村,景点,更多景点/周边游,106.710545,29.658577
两江幸福广场,重庆,重庆,重庆,023,,渝北区,黄山大道中段1号,景点,广场,106.506493,29.61661
重庆彩云湖湿地公园,重庆,重庆,重庆,023,,巴国城,二郎街道科城路166号,景点,自然风光,106.4785,29.50975
李子坝抗战遗址公园,重庆,重庆,重庆,023,,渝中区,李子坝正街66号（李子坝地铁站1号口步行300米）,景点,纪念公园,106.534927,29.551928
融侨公园,重庆,重庆,重庆,023,,南滨路,风临路融侨城,景点,城市公园,106.540977,29.530094
盘溪河公园,重庆,重庆,重庆,023,67822587,冉家坝,新牌坊三路368号（天一新城小学旁）,景点,公园/广场,106.506561,29.596699
夔门,重庆,重庆,奉节县,023,,奉节县其他,瞿塘峡西门,景点,自然风光,109.582169,31.038148
棠城公园,重庆,重庆,永川区,023,,新城区,人民大道191号,景点,城市公园,105.931996,29.357208
渝之旅国际旅行社,重庆,重庆,重庆,023,88630940;186****8691,沙坪坝/重庆大学,壮志路43号附29号（地铁一号线烈士墓2B出口西南方向30米）,景点,旅行社,106.444975,29.568465
寨山坪公园,重庆,重庆,重庆,023,,微电园,永盛路与西园一路交叉口旁,景点,森林公园,106.36087,29.595831
偏岩古镇,重庆,重庆,重庆,023,,北碚区,迎宾街,景点,古村古镇,106.656197,30.002064
旅游百事通,重庆,重庆,重庆,023,62929099;62633555,南坪,江南大道8号万达广场步行街2楼,景点,旅行社,106.56562,29.526455
南滨公园,重庆,重庆,重庆,023,63866631,南滨路,南滨路,景点,城市公园,106.583565,29.543953
沙溪天然温泉,重庆,重庆,涪陵区,023,72892222,涪陵区其他,沙溪大桥（涪陵火车站旁）,景点,温泉,107.326735,29.716427
铁山坪森林公园,重庆,重庆,重庆,023,67120919;67550510,铁山坪,铁山坪街道岚垭村120号,景点,森林公园,106.678883,29.601619
旅游百事通,重庆,重庆,重庆,023,67875663,观音桥,建新北路25-31号北辰名都21楼10号,景点,旅行社,106.532071,29.578461
武隆喀斯特景区,重庆,重庆,武隆区,023,4000235666,仙女山景区,羊角街道银杏大道30号,景点,自然风光,107.735158,29.454186
聚贤岩广场,重庆,重庆,重庆,023,,北滨路,北滨二路附近,景点,广场,106.569748,29.570059
南温泉旅行社,重庆,重庆,重庆,023,62841111,巴南区,南泉镇南泉路6号,景点,旅行社,106.578626,29.422746
中宝国际旅行社,重庆,重庆,重庆,023,86809888,两路口,中山三路159号汉庭酒店大堂,景点,旅行社,106.548292,29.558617
维多利亚5号游轮,重庆,重庆,重庆,023,,朝天门,重庆港朝天门5码头,景点,城市观光,106.588295,29.567923
大众国际旅行社,重庆,重庆,重庆,023,68102275,杨家坪,杨家坪步行街跃华新都19-8,景点,旅行社,106.513955,29.509235
天宫殿公园,重庆,重庆,重庆,023,,黄泥塝,天宫殿街道泰山大道中段附近,景点,城市公园,106.539658,29.605974
歌乐山森林公园清风亭茶园,重庆,重庆,重庆,023,133****7528,歌乐山,歌乐山,景点,景点/周边游,106.426987,29.562281
旅游百事通,重庆,重庆,重庆,023,89009964,天星桥,凤天大道57号天骄年华（近重庆图书馆）,景点,旅行社,106.453837,29.530387
海外旅行社,重庆,重庆,重庆,023,86915008,龙湖时代天街,石油路街道红金街2号总商会大厦16楼（近童心桥）,景点,旅行社,106.5115,29.538909
大风堡景区,重庆,重庆,石柱土家族自治县,023,73394789,石柱土家族自治县其他,黄水镇黄水国家森林公园内,景点,自然风光,108.398978,30.176146
神龙峡风景区,重庆,重庆,南川区,023,64563666,金佛山/神龙峡,南平镇永安村,景点,自然风光,107.054286,28.995208
中国旅行社,重庆,重庆,重庆,023,63621423;63621821,朝天门,新华路4号,景点,旅行社,106.585171,29.562781
御临峡,重庆,重庆,重庆,023,67343228,渝北区,御临河大桥东北200米,景点,自然风光,106.852633,29.660064
电视塔公园,重庆,重庆,璧山区,023,,东林大道,公园路2号,景点,城市公园,106.224792,29.585093
新亚国际旅行社,重庆,重庆,重庆,023,89068888,临江门,邹容路151号邹容广场a座3楼,景点,旅行社,106.573773,29.558583
中国旅行社总社,重庆,重庆,重庆,023,138****1617,较场口,善果巷7号5-1十八梯传统风貌区入口,景点,旅行社,106.574002,29.552525
龙凤寺,重庆,重庆,重庆,023,68422213,杨家坪,杨家坪街道直港大道203号,景点,宗教,106.531143,29.507841
重庆两江夜游-金碧系列,重庆,重庆,重庆,023,138****2702,朝天门,长江滨江路朝天门9号码头,景点,城市观光,106.589294,29.563311
天体酒店温泉,重庆,重庆,重庆,023,66459966;135****4832,巴南区,东泉正街100号,景点,温泉,106.862305,29.452574
濯水古镇景区,重庆,重庆,黔江区,023,79468666,黔江区,濯水镇红军路,景点,古村古镇,108.773352,29.299419
北碚天台寺,重庆,重庆,重庆,023,151****7519,北碚区,碚青路小湾新村,景点,宗教,106.32723,29.740744
重庆中国旅行社,重庆,重庆,重庆,023,88721881,龙溪镇,红金街2号重庆市总商会大厦19层19-6号,景点,旅行社,106.5261,29.58883
中国青年旅行社,重庆,重庆,重庆,023,88602000,观音桥,红金路37号附4号1-1室,景点,旅行社,106.527681,29.587571
红池坝天然草场,重庆,重庆,巫溪县,023,136****7479,巫溪县其他,红池坝,景点,自然风光,109.015768,31.669218
九鼎山公园,重庆,重庆,南川区,023,,三环路,金光大道（近劳动局）,景点,城市公园,107.082878,29.147425
重庆中央公园,重庆,重庆,重庆,023,,中央公园,公园西路万科翡翠公园对面,景点,城市公园,106.583832,29.716463
千佛寺,重庆,重庆,重庆,023,,南滨路,石溪路正街75号,景点,宗教,106.592856,29.572403
菩提山,重庆,重庆,长寿区,023,40423880,长寿区其他,凤城街道桃兴三路与菩提东路交叉口东南100米,景点,景点/周边游,107.03806,29.858197
蒋介石官邸,重庆,重庆,重庆,023,,黄桷垭/南山,南山街道南山植物园1号,景点,历史建筑,106.617561,29.566805
鸿运门,重庆,重庆,重庆,023,,松树桥,鸿恩寺森林公园旁,景点,人文古迹,106.510345,29.574018
万州大瀑布,重庆,重庆,万州区,023,58234555,万州区其他,甘宁镇甘宁河段,景点,自然风光,108.252194,30.653236
万盛石林,重庆,重庆,綦江区,023,48270632,黑山谷景区,万东北路1号,景点,自然风光,106.91628,28.840152
万州西游洞,重庆,重庆,万州区,023,58678288;136****2888,万州区其他,盐井社区,景点,自然风光,108.424127,30.60584
武隆桃花山公园,重庆,重庆,武隆区,023,,武隆区其他,芙蓉西路,景点,城市公园,107.750184,29.325401
天地宫酒店,重庆,重庆,万州区,023,58307199;153****3328,万州区其他,兴盛路29号,景点,人文古迹,108.267107,30.813959
洛碛水上漂,重庆,重庆,重庆,023,138****4098,空港广场,双凤桥路143号,景点,漂流,106.629301,29.731561
冬菜博物苑,重庆,重庆,大足区,023,43788444,大足区,城南新村公交站附近正南方向80米,景点,博物馆,105.731628,29.65947
望州公园,重庆,重庆,涪陵区,023,72283891;72301934,顺江大道,望州路宏声大道,景点,城市公园,107.395401,29.693645
新金龙假期旅行社,重庆,重庆,涪陵区,023,189****8919,涪陵区其他,兴华中路41-10号,景点,旅行社,107.393777,29.7002
中汇旅游公司,重庆,重庆,涪陵区,023,72261878,涪陵区其他,体育南路1号,景点,旅行社,107.393007,29.699467
涪陵文庙,重庆,重庆,涪陵区,023,,涪陵区其他,103省道,景点,宗教,107.196354,29.662144
海外旅行社,重庆,重庆,涪陵区,023,72251515,涪陵区其他,兴华中路75号铭雨酒店旁,景点,旅行社,107.390702,29.702572
堡子城公园,重庆,重庆,涪陵区,023,,涪陵区其他,兴华中路66号,景点,城市公园,107.389748,29.70467
双宝公园,重庆,重庆,涪陵区,023,,桥南片区,崇义街道双宝路55号附13号附近,景点,城市公园,107.374725,29.714607
石夹沟村游客接待服务中心,重庆,重庆,涪陵区,023,189****8538,涪陵区其他,武陵山乡学府路北50米,景点,公园/广场,107.572456,29.503606
白鹤森林公园,重庆,重庆,涪陵区,023,,涪陵区其他,化工小区17号,景点,森林公园,107.381081,29.69585
鑫悦旅行社,重庆,重庆,涪陵区,023,85697710,涪陵区其他,兴华中路64号附4号,景点,旅行社,107.390543,29.702143
法雨寺,重庆,重庆,涪陵区,023,,涪陵区其他,渝巴路南200米聚云山,景点,宗教,107.348938,29.729443
清溪移民文化广场,重庆,重庆,涪陵区,023,,涪陵区其他,S103祥和小区(清溪互通)西侧约130米,景点,公园/广场,107.470652,29.797552
红军烈士陵园,重庆,重庆,涪陵区,023,,涪陵区其他,红军路与星星路交口北行100米路西,景点,烈士陵园,107.599572,29.776989
海新旅游有限公司,重庆,重庆,重庆,023,63709491,朝天门,陕西路17号附4号海韵大厦,景点,旅行社,106.587059,29.563449
中驰国旅,重庆,重庆,涪陵区,023,,滨江路,滨江大道124号附近,景点,旅行社,107.390798,29.712575
重庆人民广场,重庆,重庆,重庆,023,86527615,上清寺,上清寺街道人民路173号人民大礼堂前,景点,广场,106.552315,29.561825
富强旅业有限公司,重庆,重庆,重庆,023,,朝天门,新华路220号雅兰国际大厦14层（近旅行社）,景点,旅行社,106.580759,29.557128
金龙旅行社,重庆,重庆,重庆,023,,解放碑,民族路18号新重庆公寓1610号,景点,旅行社,106.582072,29.561232
国际村公园,重庆,重庆,重庆,023,,两路口,长江一路30号广璐大厦附近,景点,城市公园,106.541618,29.551651
新闻国际旅行社,重庆,重庆,重庆,023,63606662,解放碑,民生路299号渝海大厦10层（渝海大厦东北）,景点,旅行社,106.569036,29.556376
半岛旅行社有限公司,重庆,重庆,重庆,023,,两路口,中山三路129号新山城商务大厦9楼,景点,旅行社,106.549434,29.554394
中国青年旅行社,重庆,重庆,重庆,023,63911111,解放碑,民族路99号帝都广场LG106号,景点,旅行社,106.579478,29.559541
美丰银行旧址,重庆,重庆,重庆,023,,朝天门,新华路74号（小什字地铁站4A口步行150米）,景点,历史建筑,106.583977,29.561073
通远门,重庆,重庆,重庆,023,63522888,七星岗,和平路和金汤街交汇处（七星岗地铁站1号口步行390米）,景点,历史建筑,106.567322,29.555443
重庆市巴渝名匾文化艺术博物馆,重庆,重庆,重庆,023,,渝中区,李子坝正街111号附1号,景点,博物馆,106.529956,29.550842
假日国际旅行社,重庆,重庆,重庆,023,63782568,临江门,五四路39号都市广场a座康辉旅游集团,景点,旅行社,106.574989,29.559387
晋冀鲁豫军区子弟学校学生宿舍旧址,重庆,重庆,重庆,023,,两路口,中山四路11号重庆市人民小学附近,景点,革命旧址,106.544739,29.561789
海盗街,重庆,重庆,重庆,023,,洪崖洞,纸盐河街37号重庆洪崖洞10层,景点,步行街,106.578194,29.561996
中共中央南方局,重庆,重庆,重庆,023,,化龙桥/重庆天地,红岩村52号,景点,革命旧址,106.499123,29.554205
蓝桥旅行社市场部,重庆,重庆,重庆,023,,七星岗,枇杷山正街136号华安大厦11层1113号,景点,旅行社,106.553075,29.553885
金辉旅业有限公司,重庆,重庆,重庆,023,,解放碑,民生路283号重庆宾馆商务大厦8C,景点,旅行社,106.570076,29.557016
春秋国际旅行社,重庆,重庆,重庆,023,63738888,解放碑,民生路283号重庆宾馆商务大厦22FBC,景点,旅行社,106.570058,29.557408
嘉陵新路公园,重庆,重庆,重庆,023,,上清寺,李子坝正街66号（李子坝地铁站1号口步行260米）,景点,城市公园,106.535324,29.551186
纵横旅业有限公司,重庆,重庆,重庆,023,,临江门,大同路45号大同方·城市公寓901号,景点,旅行社,106.573631,29.557179
重庆长江国际旅游公司出境中心,重庆,重庆,重庆,023,,解放碑,邹容路50号半岛国际商务大厦26层B,景点,旅行社,106.579776,29.556163
扬子江国际旅行社,重庆,重庆,重庆,023,,朝天门,打铜街85号大元广场11楼,景点,旅行社,106.584885,29.559691
朝天门,重庆,重庆,重庆,023,63712870,朝天门,长江滨江路两江交汇处重庆朝天门广场,景点,现代建筑,106.588249,29.56687
太白国际旅行社,重庆,重庆,万州区,023,189****1198,万达广场/移民广场,白岩路232号（太白宾馆内）,景点,旅行社,108.372396,30.813288
万州大河梨园风景区,重庆,重庆,万州区,023,,万州区其他,翠屏小学西侧约50米,景点,自然风光,108.449181,30.80974
龙冠自然风景区,重庆,重庆,万州区,023,58538379,万州区其他,盘龙路西南侧,景点,自然风光,108.430458,30.783951
中国青年旅行社,重庆,重庆,万州区,023,58985888,万达广场/移民广场,电报路168号,景点,旅行社,108.38034,30.813415
九五惨案纪念馆,重庆,重庆,万州区,023,58203104,万州区其他,兰渠沟10号,景点,纪念馆,108.391365,30.91188
宏远游乐城,重庆,重庆,万州区,023,,沙龙路,沙龙路二段298号宏远市场后门,景点,游乐场,108.371819,30.794882
天子湖公园,重庆,重庆,万州区,023,,万州区其他,周家坝街道滨湖路14号附近,景点,公园/广场,108.365367,30.855941
浙旅（重庆）万州大瀑布群有限公司,重庆,重庆,万州区,023,58234555;58700111,万达广场/移民广场,沙龙路二段1096号,景点,旅行社,108.387881,30.791891
北山观公园,重庆,重庆,万州区,023,,北山,附护路与北山一支路交叉口西北200米,景点,城市公园,108.386688,30.827715
观音岩公园,重庆,重庆,万州区,023,,观音岩/外贸,科园路335号,景点,城市公园,108.38623,30.773106
三峡移民纪念馆,重庆,重庆,万州区,023,61018880,万州区其他,南滨大道市民广场附近,景点,纪念馆,108.401825,30.808779
万州真原堂,重庆,重庆,万州区,023,,天城区,申明坝滨湖路1599号,景点,宗教,108.366119,30.849876
万州革命烈士陵园,重庆,重庆,万州区,023,58204331,高笋塘/白岩路,沙龙路50号,景点,烈士陵园,108.364823,30.812867
歇凤山,重庆,重庆,万州区,023,,万州区其他,塘坊大道与059县道交叉口东北100米,景点,更多景点/周边游,108.354959,30.900849
丁山湖风景区,重庆,重庆,綦江区,023,138****4348,綦江区其他,生态路与芦石路交叉口南50米,景点,自然风光,106.592178,28.698792
綦江博物馆,重庆,重庆,綦江区,023,48690516,綦江区其他,近郊綦江区857县道,景点,博物馆,106.653358,29.01726
矿工广场,重庆,重庆,綦江区,023,,綦江区其他,万东南路附近,景点,广场,106.937535,28.943156
龙华寺,重庆,重庆,綦江区,023,,綦江区其他,正街20号东溪古镇内（西侧）,景点,宗教,106.666626,28.761377
海航乐游,重庆,重庆,綦江区,023,,綦江区政府,万东北路27号附1号1-3,景点,旅行社,106.9284,28.957202
中国国际旅行社营业部,重庆,重庆,綦江区,023,,綦江区其他,九龙大道39号3楼,景点,旅行社,106.652196,29.034656
旅业（集团）有限公司,重庆,重庆,綦江区,023,133****9870,綦江区政府,勤俭路25号,景点,旅行社,106.930951,28.959591
净业寺,重庆,重庆,綦江区,023,,黑山谷景区,X866号黑山谷风景区,景点,宗教,107.00016,28.918514
凝翠园,重庆,重庆,綦江区,023,,綦江区其他,江边路东源小学东侧约260米,景点,公园/广场,106.701972,28.935466
横山风景区,重庆,重庆,綦江区,023,48406451,綦江区其他,横山镇通惠大道与283县道交叉口西北100米,景点,自然风光,106.69003,29.140568
版画广场,重庆,重庆,綦江区,023,,綦江区其他,沙溪路2号,景点,广场,106.643127,29.0473
中国旅行社,重庆,重庆,綦江区,023,48282828,綦江区政府,勤俭路52号,景点,旅行社,106.928065,28.958065
营盘山公园,重庆,重庆,綦江区,023,48663140,綦江区其他,健康路7号,景点,城市公园,106.646034,29.037443
白岩寺,重庆,重庆,綦江区,023,,綦江区其他,210国道,景点,宗教,106.718779,28.842214
红景天商业步行街,重庆,重庆,大足区,023,,大足区,双北路5号,景点,步行街,105.767221,29.484651
人民公园,重庆,重庆,大足区,023,,大足区,棠香街北环二路东段168号,景点,城市公园,105.733082,29.705705
雅美佳湿地公园,重庆,重庆,大足区,023,43628918,大足区,310省道,景点,公园/广场,105.777283,29.577171
玉龙山,重庆,重庆,大足区,023,,大足区,昌洲大道666号,景点,自然风光,105.865067,29.540342
五观堂,重庆,重庆,大足区,023,,大足区,星湖路与西湖大道交叉口西180米,景点,宗教,105.776726,29.513597
红修寺,重庆,重庆,大足区,023,,大足区,310省道,景点,宗教,105.908397,29.667347
多宝寺,重庆,重庆,大足区,023,,大足区,铁山镇309省道,景点,宗教,105.55634,29.688979
大足滨河公园,重庆,重庆,大足区,023,,大足区,滨河路47号,景点,城市公园,105.716896,29.698048
古佛寺,重庆,重庆,大足区,023,,大足区,宝顶镇合内路东50米,景点,宗教,105.799475,29.769545
中国国际旅行社,重庆,重庆,大足区,023,150****9730,大足区,大足宏声文化广场东南宏声广场一环北路东段25号,景点,旅行社,105.722896,29.702826
玉滩水库移民陈列馆,重庆,重庆,大足区,023,,大足区,惠民幼儿园旁边,景点,陈列馆,105.676567,29.592817
重庆国际会议展览中心,重庆,重庆,重庆,023,62609080,南坪,江南大道2号,景点,展览馆,106.561844,29.533863
玉马公园,重庆,重庆,重庆,023,,茶园新区,茶园新区,景点,城市公园,106.625648,29.494127
福泽生态大观园,重庆,重庆,重庆,023,62383499,南岸区,斑竹林立交与开迎路交叉路口往南约170米,景点,动植物园,106.728561,29.540961
重庆长江汇当代美术馆,重庆,重庆,重庆,023,63000111-818,长嘉汇商圈,下石溪路与南滨路交叉口东北150米,景点,美术馆,106.592751,29.573149
中国国际旅行社,重庆,重庆,重庆,023,62776977,南坪,正联大厦西门旁,景点,旅行社,106.562916,29.521196
龙井公园,重庆,重庆,重庆,023,,黄桷垭/南山,文峰正街88号对面,景点,公园/广场,106.599236,29.502815
马鞍山社区公园,重庆,重庆,重庆,023,,上新街,马鞍山56号,景点,城市公园,106.592975,29.551033
南山竹园,重庆,重庆,重庆,023,,黄桷垭/南山,植物园路78号（双龙村村委会对面）,景点,植物园,106.620962,29.554342
同景公园,重庆,重庆,重庆,023,,茶园新区,茶园同景路5号,景点,城市公园,106.655251,29.496271
N18 Loft小院,重庆,重庆,重庆,023,136****6272,南坪,内环以内南坪东路18号（现代女子医院旁50米）,景点,创意园区,106.5746,29.529991
报恩塔,重庆,重庆,重庆,023,,南滨路,觉林寺95号（仁济地铁站1号口步行430米）,景点,宗教,106.598717,29.560987
金山古城,重庆,重庆,重庆,023,,黄桷垭/南山,龙黄公路,景点,古代遗迹,106.602226,29.551071
北瀚农业观光园,重庆,重庆,重庆,023,62381888,南岸区,渝巴路与黄明路交叉口东北150米,景点,更多景点/周边游,106.704718,29.511898
南坪步行街,重庆,重庆,重庆,023,185****0166,南坪,惠工路CITY城市广场B1,景点,休闲街区,106.564224,29.525742
兰花路社区公园,重庆,重庆,重庆,023,,南岸区,丹龙南路与兰花路路口,景点,公园/广场,106.554928,29.50376
观佛禅寺,重庆,重庆,重庆,023,68311468,北碚区,云武路,景点,宗教,106.561493,29.798145
重庆市蚕业科学技术研究院,重庆,重庆,重庆,023,68272084;138****3332,北碚区,上坝路1号,景点,科技观光,106.434647,29.843841
龙车寺,重庆,重庆,重庆,023,,北碚区,龙凤桥街道北金路,景点,景点/周边游,106.4415,29.753407
花乡文化广场,重庆,重庆,重庆,023,,北碚区,花圃街与静亭路交叉路口往北约90米,景点,公园/广场,106.570937,29.895204
嘉华生态园,重庆,重庆,重庆,023,,北碚区,碚金路与华静路交叉口西北360米,景点,更多景点/周边游,106.560094,29.885844
绍龙观,重庆,重庆,重庆,023,68222063,缙云山,缙云路重庆市植物园珍稀植物展区东北50米,景点,宗教,106.409035,29.849644
卢作孚纪念馆,重庆,重庆,重庆,023,68325828,老城区/天奇广场,朝阳街道文星湾一巷1-33号,景点,纪念馆,106.438957,29.833611
中国国际旅行社,重庆,重庆,重庆,023,68869993,老城区/天奇广场,碚峡西路9-50号碚峡西路小区碚峡西路14号,景点,旅行社,106.438395,29.825439
石岩村社区公园,重庆,重庆,重庆,023,,老城区/天奇广场,石岩村46号（北碚地铁站4A口步行370米）,景点,城市公园,106.435532,29.827969
重庆市北碚区商业步行街,重庆,重庆,重庆,023,,老城区/天奇广场,中山路,景点,步行街,106.438934,29.826843
茅庵森林公园,重庆,重庆,重庆,023,,北碚区,蓝天池会所附近,景点,森林公园,106.661537,29.905609
候光炯纪念馆,重庆,重庆,重庆,023,,天生丽街,天生路2号西南大学内,景点,纪念馆,106.419739,29.814863
中旅总社,重庆,重庆,重庆,023,60304366,老城区/天奇广场,梨园村16号1（北碚地铁站4B口步行460米）,景点,旅行社,106.433059,29.824169
北碚滨江公园,重庆,重庆,重庆,023,,老城区/天奇广场,碚峡路36号,景点,城市公园,106.44384,29.830252
雨台山公园,重庆,重庆,重庆,023,,北碚城南,碚南大道201号斜对面,景点,城市公园,106.406952,29.806295
游客中心,重庆,重庆,重庆,023,158****9899,北温泉,北温泉公园柏联精品酒店附近,景点,公园/广场,106.416404,29.856597
西永综合保税区规划展示厅,重庆,重庆,重庆,023,,微电园,永顺路与西园二路交叉路口往西北约50米,景点,展览馆,106.375343,29.597992
红岩革命历史博物馆,重庆,重庆,重庆,023,65312300;63303457,歌乐山,烈士墓政法三村63号,景点,博物馆,106.442299,29.57192
中心湾文体公园,重庆,重庆,重庆,023,,双碑,前进湾1号对面,景点,城市公园,106.441795,29.596666
三圣宫张治中旧居,重庆,重庆,重庆,023,65660678,微电园,三圣宫立交与一纵线交叉口东北方向110米,景点,名人故居,106.372804,29.607827
沙坪坝基督教堂,重庆,重庆,重庆,023,,歌乐山,歌乐山街106号附1号,景点,宗教,106.41925,29.569571
郭沫若旧居,重庆,重庆,重庆,023,65660008;65661906,微电园,西科三路香蕉园村全家院子,景点,名人故居,106.385132,29.597013
美丽熙街步行街,重庆,重庆,重庆,023,65620777,大学城,陈家桥镇重庆大学城,景点,步行街,106.301959,29.602179
念佛堂,重庆,重庆,重庆,023,,歌乐山,森林路鼎秀风林东南侧约30米,景点,宗教,106.421516,29.573433
重庆歌乐山烈士陵园烈士诗文碑林,重庆,重庆,重庆,023,,歌乐山,壮志路与童歌路交叉口西60米,景点,烈士陵园,106.438354,29.573133
西城的湖湿地公园,重庆,重庆,重庆,023,,大学城,汇贤路与学善路交叉口东南角,景点,城市公园,106.31675,29.59152
海航乐游旅行社,重庆,重庆,重庆,023,86797162,三峡广场,小龙坎街道三峡广场时代星空17-10,景点,旅行社,106.46325,29.55499
圣恩堂,重庆,重庆,重庆,023,,天星桥,天星桥正街42-15号附近,景点,宗教,106.4534,29.545418
光大国旅,重庆,重庆,重庆,023,65344539,三峡广场,小龙坎新街84号大酒店一楼,景点,旅行社,106.463304,29.559404
歌乐山抗战文化风情街,重庆,重庆,重庆,023,,歌乐山,保育路与森香路交叉口东北120米,景点,步行街,106.420853,29.573034
中美合作所集中营旧址,重庆,重庆,重庆,023,,歌乐山,壮志路西150米,景点,革命旧址,106.443077,29.571386
海外旅行社,重庆,重庆,重庆,023,86622448,杨家坪,杨家坪街道前进支路1号跃华新都8-5号,景点,旅行社,106.51307,29.505408
中梁云岭森林公园,重庆,重庆,重庆,023,,中梁云岭森林公园,华岩镇玉清寺玉仙路,景点,森林公园,106.422409,29.475338
九龙坡天主堂,重庆,重庆,重庆,023,,九龙坡区,兴沱路,景点,宗教,106.37008,29.320151
中国青旅,重庆,重庆,重庆,023,68429905,杨家坪,直港大道26号-12室,景点,旅行社,106.525499,29.508269
农业展览中心,重庆,重庆,重庆,023,,九龙坡区,锦云路与天驿路交叉路口往东北约140米,景点,展览馆,106.36378,29.455465
中梁山耶稣堂,重庆,重庆,重庆,023,,九龙坡区,田西路东50米,景点,宗教,106.429177,29.455047
兰花社区广场,重庆,重庆,重庆,023,,二郎,兰美路与建兰路交叉口东40米,景点,公园/广场,106.456879,29.514323
人和公园,重庆,重庆,重庆,023,,华岩新城,华庆路与华龙大道家交叉口劲旅·丽景花园附近,景点,城市公园,106.445213,29.461182
晨曦广场,重庆,重庆,重庆,023,,九龙坡区,铝城南路1号,景点,公园/广场,106.334321,29.305481
旅游百事通,重庆,重庆,重庆,023,68786833,杨家坪,西郊路17号附1号,景点,旅行社,106.513252,29.505612
时尚丽人街,重庆,重庆,重庆,023,,杨家坪,杨家坪街道杨家坪正街13号银都大厦1层,景点,步行街,106.516204,29.510221
爱情公园,重庆,重庆,重庆,023,,巴国城,八桥镇红狮大道,景点,城市公园,106.472771,29.492247
永丰社区公园,重庆,重庆,重庆,023,,大渡口区,星港路茄子溪小学北侧约150米,景点,城市公园,106.497117,29.428947
双山晋愉公园,重庆,重庆,重庆,023,,大渡口区,八桥镇晋愉绿岛附近,景点,城市公园,106.471298,29.481285
义渡公园,重庆,重庆,重庆,023,,大渡口区,金桥路3号龙文钢材市场内,景点,城市公园,106.491936,29.455082
刘家坝社区公园,重庆,重庆,重庆,023,,大渡口区,钓鱼嘴大道与福田路交叉口西180米,景点,城市公园,106.490556,29.427451
革命烈士纪念堂,重庆,重庆,重庆,023,152****6386,五里店/江北嘴,建新东路310号附近,景点,纪念馆,106.559203,29.580523
思源公园,重庆,重庆,重庆,023,,大渡口区,九宫庙街道钢花路874号,景点,城市公园,106.493797,29.462042
莲花寺,重庆,重庆,重庆,023,,铁山坪,望江路,景点,宗教,106.662798,29.589365
旅游百事通旅行社,重庆,重庆,重庆,023,88217315,五里店/江北嘴,建新东路241号附30号（鲤鱼池地铁站3A口步行500米）,景点,旅行社,106.555431,29.577341
渝之旅国际旅行社,重庆,重庆,重庆,023,,巴国城,云湖路1号附37号,景点,旅行社,106.479244,29.506451
观音桥步行街,重庆,重庆,重庆,023,133****3338,观音桥,建新南路观音桥轻轨二号出口旁,景点,步行街,106.532794,29.573755
新亚国旅,重庆,重庆,重庆,023,89068888,观音桥,建北四支路2号北辰名都,景点,旅行社,106.530221,29.577109
黄花园大桥,重庆,重庆,重庆,023,,五里店/江北嘴,北滨路,景点,现代建筑,106.566467,29.56617
天星小镇,重庆,重庆,南川区,023,180****0867,金佛山景区,南城街道办事处三汇村四社,景点,现代小镇,107.10832,29.05193
宝象寺,重庆,重庆,南川区,023,,金佛山/神龙峡,云雾村,景点,宗教,107.02961,28.999254
金佛山珍奇植物园,重庆,重庆,南川区,023,,南川区其他,G243与黎香湖大道交叉口正西方向254米,景点,植物园,106.980195,29.267475
天星小镇游客服务中心,重庆,重庆,南川区,023,67062110,金佛山景区,天星小镇枫香岭西北侧50米,景点,公园/广场,107.108381,29.052551
南川天主堂,重庆,重庆,南川区,023,,盛丰源,新生路盛丰源东北侧约30米,景点,宗教,107.100784,29.155922
重庆药用植物园,重庆,重庆,南川区,023,71480004,金佛山景区,佛山东路附近,景点,植物园,107.206444,29.128986
石牛河广场,重庆,重庆,南川区,023,,南川区其他,鸣大路鸣玉镇人民政府东北侧约90米,景点,公园/广场,107.115093,29.30527
永隆山森林公园,重庆,重庆,南川区,023,71992111,南川区其他,冒米垭,景点,森林公园,107.090088,29.185418
康源泰度假村,重庆,重庆,南川区,023,71611777;71496111,南川区其他,金星居委五社,景点,景点/周边游,107.021985,29.158155
永川桃花源,重庆,重庆,永川区,023,49688878;49688399,永川区其他,卫星湖街道南大街黄瓜山村白岩漕村民小组,景点,植物园,105.833953,29.220883
迦佛庙,重庆,重庆,永川区,023,,永川区其他,嘉复村嘉阜小学附近,景点,宗教,106.042449,29.493688
永川大佛寺,重庆,重庆,永川区,023,,永川区其他,108省道永川区黄瓜山乡村旅游区,景点,宗教,105.900452,29.325401
观音山公园,重庆,重庆,永川区,023,,新城区,中山路街道兴龙大道与207省道交叉口,景点,公园/广场,105.94283,29.337575
梨博园,重庆,重庆,永川区,023,,永川区其他,205省道,景点,植物园,105.853669,29.247948
风采国际旅行社,重庆,重庆,永川区,023,49862299,老城区,迎宾大道重庆市永川区中医院东北侧约30米,景点,旅行社,105.901465,29.347595
永川桃花山公园,重庆,重庆,永川区,023,,老城区,桂山路236号,景点,城市公园,105.884085,29.361561
朱沱烈士陵园,重庆,重庆,永川区,023,,永川区其他,农川街与长江路交叉口南140米路西,景点,烈士陵园,105.849095,29.011681
观音桥寺庙,重庆,重庆,永川区,023,,永川区其他,433县道西50米,景点,宗教,105.842831,29.312203
黄瓜山生态旅游合作社,重庆,重庆,永川区,023,,永川区其他,S205群鹰幼儿园东北侧约90米,景点,旅行社,105.844344,29.241414
永川博物馆,重庆,重庆,永川区,023,,新城区,中山路街道文昌路801号,景点,博物馆,105.934173,29.37978
渝西旅行社有限公司,重庆,重庆,永川区,023,49850741,老城区,外环西路53号,景点,旅行社,105.88023,29.356478
港桥工业园区展览馆,重庆,重庆,永川区,023,,永川区其他,208省道东50米,景点,陈列馆,105.87573,29.03783
独绣艺术馆,重庆,重庆,永川区,023,49857368,老城区,渝西大道中段1056号附1号,景点,美术馆,105.893471,29.349133
神女湖,重庆,重庆,永川区,023,,新城区,中山路街道兴龙大道2号,景点,自然风光,105.929131,29.379389
东林寺,重庆,重庆,永川区,023,,永川区其他,205省道,景点,景点/周边游,105.957405,29.175115
望贤公园,重庆,重庆,永川区,023,,新城区,中山路街道兴龙大道2号,景点,文化公园,105.938589,29.375122
韦家沟煤矿休闲广场,重庆,重庆,永川区,023,,永川区其他,206省道南50米,景点,公园/广场,105.666659,29.305862
兴龙湖,重庆,重庆,永川区,023,,新城区,兴龙湖东路,景点,自然风光,105.943039,29.360237
来苏区烈士陵园,重庆,重庆,永川区,023,,永川区其他,人合街37东南方向110米,景点,烈士陵园,105.783294,29.261354
凤凰湖公园,重庆,重庆,永川区,023,,永川区其他,新城南头,景点,公园/广场,105.941131,29.313767
亭子村微型企业展示室,重庆,重庆,合川区,023,,合川区其他,616县道北50米,景点,展览馆,106.089938,30.096199
松溉古镇,重庆,重庆,永川区,023,49546000,永川区其他,松溉镇431县道与横子街交口东南角,景点,古村古镇,105.895664,29.053784
将军支路社区公园,重庆,重庆,合川区,023,,城北,瑞山路128号3号,景点,城市公园,106.259842,29.993971
净水寺,重庆,重庆,合川区,023,,城南,南津街街道东津路附近,景点,宗教,106.295418,29.964115
胜利七社会议室,重庆,重庆,永川区,023,,老城区,渝西大道西段-488号,景点,景点/周边游,105.876949,29.356725
旅游百事通,重庆,重庆,合川区,023,85187789,南津街,南津街街道南屏路124号,景点,旅行社,106.268621,29.977659
文峰禅寺,重庆,重庆,合川区,023,,文峰街,文峰古街17号,景点,宗教,106.272675,29.983067
白衣寺,重庆,重庆,合川区,023,,城北,太平门东海滨江城观天下,景点,宗教,106.274917,30.004678
重庆三江国际旅行社,重庆,重庆,合川区,023,42846888,城北,苏家街139号,景点,旅行社,106.270081,29.992471
钱塘镇规划展览室,重庆,重庆,合川区,023,,合川区其他,发兴街231号,景点,陈列馆,106.319776,30.182196
江城旅行社,重庆,重庆,合川区,023,139****7596,南津街,南屏路84号,景点,旅行社,106.267014,29.97845
石全寺,重庆,重庆,合川区,023,,合川区其他,高新农业产业大道,景点,宗教,106.305499,30.038039
花滩滨江公园,重庆,重庆,合川区,023,,城北,嘉滨路409正东方向100米,景点,城市公园,106.28299,30.009876
澳华国际旅行社有限公司,重庆,重庆,合川区,023,185****5593,南津街,南城商业步行街与中南路交叉路口东南侧,景点,旅行社,106.275976,29.974346
鱼滩土地观音神灵庙,重庆,重庆,合川区,023,,合川区其他,灯响公路西200米,景点,宗教,106.129798,30.240463
于成龙广场,重庆,重庆,合川区,023,,区府,南津街499号,景点,广场,106.277832,29.973959
钓鱼城国际旅行社,重庆,重庆,合川区,023,42823228,城北,柏树街56号,景点,旅行社,106.266847,29.991667
铁道兵重庆烈士陵园,重庆,重庆,合川区,023,,合川区其他,204省道,景点,烈士陵园,106.645474,30.109525
天生寨,重庆,重庆,合川区,023,,合川区其他,文化街88号,景点,特色乡村,106.125439,30.181639
合川天主堂,重庆,重庆,合川区,023,,城北,杨柳街97号,景点,宗教,106.271446,29.999041
文峰塔公园,重庆,重庆,合川区,023,42661688,文峰古街,中南路678号附近,景点,公园/广场,106.27813,29.979994
濮岩寺,重庆,重庆,合川区,023,,城北,濮岩路（重庆工商大学派斯学院）,景点,宗教,106.263,30.007231
陶行知广场,重庆,重庆,合川区,023,,城南,将军路与上什字西路交叉口东北60米,景点,广场,106.257477,29.982847
琅山大道公园,重庆,重庆,江津区,023,,鼎山,长风路与琅山大道交叉口东南20米,景点,城市公园,106.27504,29.281181
江津区规划展览馆,重庆,重庆,江津区,023,,鼎山,滨江大道东段314号,景点,陈列馆,106.281219,29.277504
油溪烈士陵园,重庆,重庆,江津区,023,,江津区,迎宾路,景点,烈士陵园,106.146449,29.204208
临峰山郊野公园,重庆,重庆,江津区,023,150****5452,江津区,天古路东方红技校南侧,景点,城市公园,106.193329,29.26445
石蟆镇福慧寺,重庆,重庆,江津区,023,,江津区,黄沙道,景点,宗教,105.867269,29.015174
圣灯寺,重庆,重庆,江津区,023,,江津区,李市镇大李公路西50米,景点,宗教,106.25859,29.05673
艾坪山公园,重庆,重庆,江津区,023,,鼎山,办北侧,景点,城市公园,106.265617,29.277922
西湖虎龙古庙,重庆,重庆,江津区,023,,江津区,311省道与427乡道交叉口东100米,景点,宗教,106.388874,29.094434
太子寺,重庆,重庆,江津区,023,,大同路步行街,相府路206号,景点,宗教,106.254059,29.28385
江公享堂,重庆,重庆,江津区,023,47225997,大同路步行街,相府路89号,景点,历史建筑,106.257858,29.286661
古镇文化发展陈列馆,重庆,重庆,江津区,023,,江津区,游渡河街129号,景点,陈列馆,106.33886,28.870405
晋愉·大岭湖公园,重庆,重庆,江津区,023,,江津/双福,九江大道,景点,城市公园,106.30868,29.400437
楠木院森林公园,重庆,重庆,长寿区,023,,长寿区其他,桃大路,景点,森林公园,107.190109,29.817858
九灵寺,重庆,重庆,长寿区,023,,长寿区其他,葛兰镇102省道,景点,宗教,107.110466,30.022518
渝之旅,重庆,重庆,长寿区,023,133****9008,桃花新城,桃源南路2号1幢宝润国际（区政府协对面）,景点,旅行社,107.084055,29.856855
长寿凤山公园,重庆,重庆,长寿区,023,40400688,古镇黄桷湾,长寿路66号,景点,城市公园,107.067154,29.829197
长寿菩提古镇,重庆,重庆,长寿区,023,40899888,古镇黄桷湾,桃花新城（菩提山下）,景点,古村古镇,107.066338,29.857569
福音堂,重庆,重庆,黔江区,023,,黔江区中心城区,石城路505号3层,景点,宗教,108.789765,29.524085
武陵山民俗生态博物馆,重庆,重庆,黔江区,023,,黔江区,小南海景区后坝,景点,博物馆,108.68631,29.651419
马山森林公园,重庆,重庆,黔江区,023,,黔江区中心城区,彩虹路330号,景点,森林公园,108.768743,29.535793
方舟旅行社,重庆,重庆,黔江区,023,139****7370,黔江区中心城区,行署街894号,景点,旅行社,108.772323,29.533063
烈士陵园,重庆,重庆,黔江区,023,,黔江区中心城区,三元宫路与柳孝巷交叉口北200米（黔江区妇幼保健院东北侧约200米）,景点,烈士陵园,108.792778,29.526478
峡谷公园,重庆,重庆,黔江区,023,,黔江区,G319（正舟路）,景点,城市公园,108.81615,29.506083
黔江蝴蝶谷,重庆,重庆,黔江区,023,,黔江区,正舟路中国石油(正阳店)南侧约90米,景点,自然风光,108.795162,29.465913
仰头山森林公园,重庆,重庆,黔江区,023,,黔江区,森林公园路北50米,景点,森林公园,108.802141,29.557811
竹苑温泉,重庆,重庆,重庆,023,152****5219,巴南区,巴南区乔口坝,景点,温泉,106.538927,29.281008
石岭山寨生态农业园,重庆,重庆,重庆,023,,巴南区,119乡道,景点,更多景点/周边游,106.734398,29.248611
黄金庙,重庆,重庆,重庆,023,,巴南区,黄金庙管理委员会附近,景点,宗教,106.709211,29.470946
天主教堂,重庆,重庆,黔江区,023,,黔江区中心城区,谭家湾文汇路559号,景点,宗教,108.7827,29.536169
金竹湾生态园,重庆,重庆,重庆,023,,巴南区,樵界路樵坪迎龙栖凤居南450米,景点,更多景点/周边游,106.667087,29.425337
安澜鹭类自然保护区,重庆,重庆,重庆,023,,巴南区,243县道东50米,景点,自然保护区,106.584738,29.260248
巴南人民广场,重庆,重庆,重庆,023,,鱼洞,渔洞镇鱼轻路26号,景点,广场,106.516861,29.380535
桥口坝国家森林公园,重庆,重庆,重庆,023,66480022,巴南区,桥口坝街牛栏沟,景点,森林公园,106.543381,29.273911
中国旅行社,重庆,重庆,重庆,023,133****1993,鱼洞,下河路小太阳幼儿园(鱼轻路)东北侧约90米,景点,旅行社,106.520224,29.380596
南湖鸳鸯生态园,重庆,重庆,重庆,023,136****5582,巴南区,明鑫商贸配送中心,景点,更多景点/周边游,106.660113,29.326653
腊梅公园,重庆,重庆,重庆,023,,巴南区,卫生院斜对面,景点,城市公园,106.608708,29.38074
南泉革命烈士陵园,重庆,重庆,重庆,023,,巴南区,南泉街道西500米渝南路边缓坡地带,景点,烈士陵园,106.576789,29.4231
巴南白马寺,重庆,重庆,重庆,023,66222447,鱼洞,白马寺（鱼石路东）,景点,宗教,106.511347,29.370437
宝中旅游,重庆,重庆,重庆,023,66222013,鱼洞,巴县大道64号1-1室,景点,旅行社,106.521517,29.382047
中青国旅,重庆,重庆,重庆,023,66219948,鱼洞,下河路小太阳幼儿园(鱼轻路)东侧约80米,景点,旅行社,106.520227,29.380597
月亮湾公园,重庆,重庆,重庆,023,,龙湖/水晶郦城,西湖路与锦橙路路口,景点,公园/广场,106.506302,29.606182
飞龙湖公园,重庆,重庆,重庆,023,,渝北区,迎龙街618号,景点,文化公园,106.791549,29.693386
旅游百事通,重庆,重庆,重庆,023,67289566,空港广场,空港大道33号（蓉和豆腐庄楼下）,景点,旅行社,106.631363,29.734913
天湖公园,重庆,重庆,重庆,023,,人和,金山大道与和睦北路交汇处东行10米,景点,公园/广场,106.52607,29.626898
晚晴园,重庆,重庆,重庆,023,67158007,两路,双凤支路6号附2号,景点,城市公园,106.630989,29.722782
白鹤咀生态园,重庆,重庆,重庆,023,,北部新区,金兴大道与翠云立交交叉口东180米,景点,更多景点/周边游,106.569847,29.678389
果塘湖公园,重庆,重庆,重庆,023,,北部新区,枫桥水郡北门对面,景点,城市公园,106.589277,29.650349
渝北商业步行街,重庆,重庆,重庆,023,,两路,义学路渝汇源小区,景点,步行街,106.630539,29.718031
华人当代美术馆,重庆,重庆,重庆,023,67451993,回兴,湖滨东路59号1幢15-0室,景点,美术馆,106.604095,29.675392
中咀河樟园,重庆,重庆,重庆,023,,渝北区,金兴大道,景点,公园/广场,106.542133,29.69418
中旅总社,重庆,重庆,重庆,023,,北部新区,龙美路（近鸳鸯门市部）,景点,旅行社,106.55153,29.66255
香港置地展览馆,重庆,重庆,重庆,023,,龙溪镇,龙湖西路,景点,陈列馆,106.510352,29.602139
宝中旅游,重庆,重庆,重庆,023,67816658,两路,两路街道双凤路149号附1号,景点,旅行社,106.630048,29.724352
光能森林公园,重庆,重庆,重庆,023,,北部新区,金兴大道,景点,森林公园,106.577666,29.675433
重庆宝林博物馆,重庆,重庆,重庆,023,63051666,北部新区,鸳鸯街道龙展路99号,景点,博物馆,106.563362,29.664728
恐龙科普园,重庆,重庆,重庆,023,,空港广场,双凤桥街道安康路与长空路交汇处桃源公园内,景点,公园/广场,106.631004,29.746807
花朝社区公园,重庆,重庆,重庆,023,,渝北区,花朝小学附近,景点,城市公园,106.551146,29.696899
翠云公园,重庆,重庆,重庆,023,,北部新区,翠云街道北部新区翠渝路19号,景点,城市公园,106.575529,29.677882
绿梦广场,重庆,重庆,重庆,023,,两路,双龙大道,景点,广场,106.62339,29.699514
景天生态园,重庆,重庆,重庆,023,67280408,渝北区,渝邻路东50米,景点,更多景点/周边游,106.853445,29.868422
竹林公园,重庆,重庆,重庆,023,67682918,大竹林,楠竹路5号对面,景点,城市公园,106.482498,29.625036
红树林公园,重庆,重庆,重庆,023,,空港广场,桃源大道333号,景点,城市公园,106.626747,29.735483
大佛寺风景区,重庆,重庆,潼南区,023,44222300,大佛寺景区,梓潼街道石院街118号（定明山北麓）,景点,宗教,105.811157,30.188078
渝之旅,重庆,重庆,重庆,023,63054762,松树桥,新牌坊三路与龙华大道交叉口东60米,景点,旅行社,106.509486,29.597006
杨尚昆陵园,重庆,重庆,潼南区,023,,潼南区其他,大佛街道石院街221号,景点,烈士陵园,105.789625,30.19078
新城公园,重庆,重庆,潼南区,023,,潼南区其他,桂林街道江北国税局梨园路40号,景点,公园/广场,105.841422,30.184412
重庆九州国际旅行社,重庆,重庆,潼南区,023,44558411;133****4288,潼南区其他,夏露街404号,景点,旅行社,105.834451,30.188891
潼南体育公园,重庆,重庆,潼南区,023,,潼南区其他,河滨路,景点,城市公园,105.786241,30.200571
杨闇公旧居,重庆,重庆,潼南区,023,44860029,潼南区其他,双江古镇景区内,景点,名人故居,105.74852,30.214424
弥陀寺,重庆,重庆,潼南区,023,,潼南区其他,金龙路双江古镇,景点,宗教,105.752729,30.216969
万寿古寨,重庆,重庆,石柱土家族自治县,023,73358555,石柱土家族自治县其他,南宾街道三河大桥旁,景点,民俗文化村,108.163844,30.022463
石柱土家族太白岩公园,重庆,重庆,石柱土家族自治县,023,,石柱土家族自治县其他,万安街道城南车站,景点,城市公园,108.109732,29.986517
重庆黄水旅游度假区毕兹卡绿宫,重庆,重庆,石柱土家族自治县,023,73391234,石柱土家族自治县其他,毕兹卡绿宫,景点,更多景点/周边游,108.389812,30.236669
万胜坝乡村旅游接待中心,重庆,重庆,石柱土家族自治县,023,139****5098,石柱土家族自治县其他,404省道东50米,景点,旅行社,108.469228,30.151428
黄水风景名胜区,重庆,重庆,石柱土家族自治县,023,,石柱土家族自治县其他,黄连大道,景点,自然风光,108.395612,30.235402
凤凰山公园,重庆,重庆,秀山土家族苗族自治县,023,,秀山土家族苗族自治县其他,武陵南路,景点,公园/广场,109.024427,28.441672
留金广场,重庆,重庆,秀山土家族苗族自治县,023,76665568,秀山土家族苗族自治县其他,人民路7号,景点,广场,108.990874,28.445004
武陵山水帘洞名胜风景旅游区,重庆,重庆,酉阳土家族苗族自治县,023,,酉阳土家族苗族自治县其他,319国道北50米,景点,自然风光,108.866951,28.780237
基督教主恩堂,重庆,重庆,酉阳土家族苗族自治县,023,,酉阳土家族苗族自治县其他,何家坝路274号,景点,宗教,108.781746,28.812393
银杏园,重庆,重庆,酉阳土家族苗族自治县,023,,酉阳土家族苗族自治县其他,翠屏山大道南路与红军路交叉路口西侧,景点,植物园,108.774483,28.826654
忠州公园,重庆,重庆,忠县,023,,忠县长江大桥,广场东路与乐天支路交叉口东南160米,景点,城市公园,108.041168,30.298834
忠县人民广场,重庆,重庆,忠县,023,,忠县其他,临溪街与中心街交叉口西南80米,景点,广场,108.195511,30.421959
乐天公园,重庆,重庆,忠县,023,,忠县其他,环城路305号东北方向136米,景点,城市公园,108.040443,30.310488
天都国际旅行社,重庆,重庆,忠县,023,,忠县其他,临溪街明珠幼儿园(大梁街)南侧约230米,景点,旅行社,108.195453,30.418273
玉龙山公园,重庆,重庆,忠县,023,,忠县其他,山东路光明幼儿园西侧约220米,景点,城市公园,108.051691,30.313921
中国·武隆国际旅游休闲摩,重庆,重庆,武隆区,023,,仙女山景区,银杏大道59号,景点,旅行社,107.766988,29.417948
宝中旅游,重庆,重庆,武隆区,023,,武隆区其他,建设中路46号,景点,旅行社,107.756729,29.321149
二郎庙,重庆,重庆,武隆区,023,,武隆区其他,重庆市武隆区大洞河乡,景点,宗教,107.480557,29.243893
清月植物园,重庆,重庆,武隆区,023,135****9457,武隆区其他,203省道,景点,植物园,107.762537,29.334665
河滨公园,重庆,重庆,武隆区,023,,武隆区其他,开綦路与纸厂路交叉口北200米,景点,公园/广场,107.38521,29.443443
武隆旅游咨询服务中心,重庆,重庆,武隆区,023,77777577,武隆县都市广场,武隆服务区与武隆互通交叉口西60米,景点,旅行社,107.771762,29.329272
云阳滨江公园,重庆,重庆,云阳县,023,,滨江公园,滨江大道333号,景点,城市公园,108.712997,30.9189
天主教圣安多尼堂,重庆,重庆,云阳县,023,,重百/东城汽车站,云江大道618号小天使幼儿园天主教堂,景点,宗教,108.717014,30.928063
贺石刻艺术中心,重庆,重庆,云阳县,023,85869007,外滩广场,大雁路740号,景点,美术馆,108.686093,30.939063
双井寨,重庆,重庆,云阳县,023,,外滩广场,滨江大道2559号,景点,城市公园,108.6828,30.940268
龙脊岭公园,重庆,重庆,云阳县,023,,上环路,望江大道530号,景点,城市公园,108.692169,30.938828
木鱼包公园,重庆,重庆,云阳县,023,,云阳县其他,望江大道与迎宾大道交叉口西北150米,景点,城市公园,108.703091,30.944323
春天花园广场,重庆,重庆,开州区,023,,新世纪,开州大道39号附11号,景点,公园/广场,108.406753,31.168283
清真寺,重庆,重庆,开州区,023,,滨湖中路,滨湖中路571号,景点,宗教,108.399292,31.178501
仙女洞,重庆,重庆,开州区,023,52414999,开州区其他,燕子街305号,景点,自然风光,108.523727,31.365021
海外旅行社,重庆,重庆,开州区,023,,新世纪,开州大道1333号,景点,旅行社,108.410194,31.169994
刘伯承故居,重庆,重庆,开州区,023,,开州区其他,开赵路与512县道交叉口西南50米,景点,名人故居,108.425671,31.074968
侨城御景展示中心,重庆,重庆,开州区,023,,平桥片区,南山西路315号侨城御景内,景点,展览馆,108.382542,31.155322
滨湖公园,重庆,重庆,开州区,023,,开州区其他,汉丰湖国家湿地公园,景点,公园/广场,108.392822,31.171997
汉丰湖保护区,重庆,重庆,开州区,023,52555222;52239858,平桥片区,滨湖中路北55号,景点,自然保护区,108.385081,31.165511
神女广场,重庆,重庆,巫山县,023,,巫山县中心城区,广东中路367号,景点,广场,109.876205,31.071611
巫山县博物馆,重庆,重庆,巫山县,023,57629916,巫山县中心城区,平湖西路369号,景点,博物馆,109.882805,31.073032
基督教福音堂,重庆,重庆,奉节县,023,,奉节县其他,白帝城风景区管理委员会宝塔平鱼腹路486号,景点,宗教,109.5545,31.042613
奉节滨河公园,重庆,重庆,奉节县,023,,奉节县其他,竹园路与甘溪街交叉路口往南约150米（天佑·中央公园城东侧）,景点,城市公园,109.39019,31.018459
奉节清真寺,重庆,重庆,奉节县,023,,诗仙广场,诗仙东路10号2-1号,景点,宗教,109.472595,31.023823
天鹅湖风景区,重庆,重庆,奉节县,023,56599333,奉节县其他,夔门街道彩云街16号,景点,自然风光,109.461456,31.052794
七星楼,重庆,重庆,奉节县,023,,奉节县中心城区,诗仙西路287号附4号,景点,历史建筑,109.468801,31.028445
太白公园,重庆,重庆,奉节县,023,,诗仙广场,诗仙西路168号,景点,公园/广场,109.465137,31.021644
后山公园,重庆,重庆,奉节县,023,,诗仙广场,夔州路76号东南方向115米,景点,公园/广场,109.475025,31.023072
诗城博物馆,重庆,重庆,奉节县,023,56536988,奉节县其他,诗城东路136号,景点,博物馆,109.546257,31.043722
圣达陡堂,重庆,重庆,奉节县,023,,奉节县其他,巴原街103号,景点,景点/周边游,109.547607,31.044477
夔州民间艺术馆,重庆,重庆,奉节县,023,,诗仙广场,少陵路1号附20号,景点,美术馆,109.465897,31.017708
灵巫洞景区大宁河漂流,重庆,重庆,巫溪县,023,51682061,巫溪县其他,桥东街与C066象大线交叉口南200米,景点,漂流,109.643669,31.474949
巴山公园,重庆,重庆,巫溪县,023,,巫溪县其他,裕宁街与宁河街交叉口西260米,景点,公园/广场,109.624641,31.395466
水体公园,重庆,重庆,巫溪县,023,,巫溪县其他,马镇坝建委1小区气象局对面,景点,城市公园,109.567101,31.394545
清净庵,重庆,重庆,奉节县,023,,诗仙广场,永安街道彩云街221号附2号,景点,宗教,109.461966,31.026052
旧县镇人口文化园,重庆,重庆,铜梁区,023,,铜梁区其他,万寿街30号红枫苑附近,景点,广场,106.208466,29.862286
丰都烈士墓,重庆,重庆,丰都县,023,,丰都县其他,烈士墓（社大路南140米）,景点,古代遗迹,107.573826,29.990556
明月寺,重庆,重庆,铜梁区,023,,新城区,滨河东路1号,景点,宗教,106.061745,29.847885
铜梁人民公园,重庆,重庆,铜梁区,023,,新城区,东城街道迎宾路南金龙体育馆对面,景点,城市公园,106.073807,29.828426
双山广场,重庆,重庆,铜梁区,023,,铜梁区其他,双兴路与上河街交叉口东北280米,景点,广场,105.833939,29.818287
巴岳山,重庆,重庆,铜梁区,023,45694001,铜梁区其他,巴岳山公路西50米,景点,自然风光,105.985659,29.67051
朝阳文化广场,重庆,重庆,铜梁区,023,,铜梁区其他,朝阳街149号旁边,景点,公园/广场,106.001265,29.570492
西河公园,重庆,重庆,铜梁区,023,,铜梁区其他,长兴街东50米,景点,公园/广场,105.935385,29.570257
雪庵公园,重庆,重庆,铜梁区,023,,老城区,龙门街迎宾大道交口,景点,纪念公园,106.052994,29.829849
迎宾路滨河公园,重庆,重庆,铜梁区,023,,新城区,安居路与法建路交叉路口往东约190米,景点,城市公园,106.060968,29.826091
南河公园,重庆,重庆,璧山区,023,,瀛嘉天下,沿河西路南段,景点,公园/广场,106.230003,29.571024
星岛公园,重庆,重庆,璧山区,023,,奥康,璧青路与福康路交叉口东北50米,景点,城市公园,106.23632,29.56369
观音塘湿地公园,重庆,重庆,璧山区,023,,璧山区其他,璧泉街道银山路与东林大道交叉口东北,景点,自然风光,106.224886,29.554525
中国旅行社,重庆,重庆,铜梁区,023,187****8722,新城区,龙门街与云龙街交叉口北60米,景点,旅行社,106.054056,29.838274
大成广场,重庆,重庆,璧山区,023,,大成广场,解放路3号,景点,广场,106.227615,29.592613
同济广场,重庆,重庆,璧山区,023,,璧山区其他,八塘路8号,景点,广场,106.297104,29.833725
宝中旅游,重庆,重庆,璧山区,023,41416650,红宇大道,金剑路224号附6号,景点,旅行社,106.232426,29.582996
翰林院,重庆,重庆,璧山区,023,,秀湖公园,南关五路,景点,历史建筑,106.214498,29.582112
吕凤子纪念馆,重庆,重庆,璧山区,023,,大成广场,中山南路205号,景点,纪念馆,106.22657,29.592995
渝之旅,重庆,重庆,璧山区,023,133****8816,上海城,沿河东路南段55号附9号,景点,旅行社,106.228353,29.584673
龙桂寺,重庆,重庆,璧山区,023,,璧山区其他,壁虎路西50米,景点,宗教,106.268761,29.621578
璧山烈士陵园,重庆,重庆,璧山区,023,,大成广场,保健街100号,景点,烈士陵园,106.225662,29.593117
香国公园,重庆,重庆,荣昌区,023,,昌州故里,西城天街香国大道371号,景点,城市公园,105.584624,29.416091
云峰禅院,重庆,重庆,荣昌区,023,,荣昌区其他,云峰禅院（206省道北240米）,景点,宗教,105.566189,29.436771
绿洲国际旅行社,重庆,重庆,荣昌区,023,46737517;189****9189,荣昌棠城医院,广场路78号,景点,旅行社,105.596611,29.402964
荣昌陶博物馆,重庆,重庆,荣昌区,023,46320885,荣昌区其他,安富街道陶都西路,景点,博物馆,105.466327,29.362096
石壶公园,重庆,重庆,荣昌区,023,,荣昌区其他,双河街道育才街附近,景点,城市公园,105.572342,29.314069
渝西植物园,重庆,重庆,荣昌区,023,,渝西植物园,昌州大道589号,景点,植物园,105.647575,29.421589
荣昌龙兴寺,重庆,重庆,荣昌区,023,,荣昌区其他,广盘路,景点,宗教,105.516157,29.382867
儿童公园,重庆,重庆,荣昌区,023,46789813,儿童公园,荣滨北路东段38号附3号,景点,公园/广场,105.59391,29.417479
五马村廉政文化广场,重庆,重庆,荣昌区,023,,荣昌区其他,五马坪附近,景点,公园/广场,105.675735,29.397629
野生植物园,重庆,重庆,城口县,023,,城口商贸中心,南大街14号,景点,植物园,108.666183,31.944654
大巴山国家级自然保护区,重庆,重庆,城口县,023,,城口县其他,高观镇城巫路,景点,自然风光,109.009282,31.812231
海棠广场,重庆,重庆,荣昌区,023,,荣昌棠城医院,昌州大道中段292号,景点,广场,105.604698,29.403603
城口城市规划展示厅,重庆,重庆,城口县,023,,城口商贸中心,土城路半月池2号城口县苏维埃政权纪念公园,景点,展览馆,108.665565,31.946735
川陕苏区城口纪念馆,重庆,重庆,城口县,023,59220705,城口商贸中心,土城路半月池2号城口县文物管理所附近,景点,纪念馆,108.665565,31.946737
鸣钟寺,重庆,重庆,梁平区,023,183****4045,石马山游乐园,石马路1号,景点,宗教,107.795563,30.661707
蟠龙洞风景区,重庆,重庆,梁平区,023,53651188,梁平区其他,蟠龙镇蟠龙村4组,景点,自然风光,107.888763,30.658127
百里竹海,重庆,重庆,梁平区,023,53656656,梁平区其他,竹山镇正直社区观音洞,景点,自然风光,107.63349,30.78271
梁平县革命烈士陵园,重庆,重庆,梁平区,023,,梁平区中心城区,318国道与桂东路交叉口西200米路北,景点,烈士陵园,107.789133,30.658678
重庆竹博园,重庆,重庆,梁平区,023,,梁平区其他,121县道双桂街道千明村7组,景点,更多景点/周边游,107.738014,30.633175
太平禅院,重庆,重庆,垫江县,023,74538998,垫江县其他,牡丹村四组,景点,宗教,107.277206,30.266842
楠竹山,重庆,重庆,垫江县,023,,垫江县其他,太楠路,景点,自然风光,107.263344,30.284885
垫江基督教堂,重庆,重庆,垫江县,023,138****0229,垫江,明月二路378号,景点,宗教,107.339365,30.337395
西欧商业步行街,重庆,重庆,垫江县,023,,垫江,西欧花园河滨苑,景点,步行街,107.350346,30.328186
汇丰国旅,重庆,重庆,丰都县,023,138****0583,丰都县其他,滨江东路8号楼,景点,旅行社,107.734885,29.872001
延生禅院,重庆,重庆,丰都县,023,,丰都县其他,景区路1号,景点,宗教,107.708798,29.876258
双桂山国家森林公园,重庆,重庆,丰都县,023,,丰都县其他,名山街道名山镇名山路152号,景点,森林公园,107.707832,29.881514
汉墓博物馆,重庆,重庆,丰都县,023,,丰都县其他,商业一街323号附1号,景点,博物馆,107.732068,29.869808
飞龙寺度假山庄,重庆,重庆,奉节县,023,139****7131,奉节县其他,寨坝镇福星村,景点,景点/周边游,109.594209,31.041521
静心国际旅行社,重庆,重庆,重庆,023,81986699,观音桥,观音桥敬业大厦5-6室（近中医院）,景点,旅行社,106.537328,29.575549
泰一画廊,重庆,重庆,重庆,023,,大石坝,齐祥灯饰对面（近东方明珠）,景点,展览馆,106.483254,29.565444
奇幻冰世界,重庆,重庆,武隆区,023,77779990,仙女山景区,仙女镇银杏大道149号附1号,景点,展览馆,107.763412,29.435841
凤凰国际旅行社,重庆,重庆,重庆,023,63637885,洋河花园,红石路5号北部·尚座F11层,景点,旅行社,106.525022,29.582962
铁驴旅行网,重庆,重庆,重庆,023,61666066,石桥铺,学苑大厦西南1门西北70米,景点,旅行社,106.498062,29.534352
奥体体育公园,重庆,重庆,重庆,023,68422222,袁家岗,谢家湾街道奥体中心奥体三支路旁,景点,城市公园,106.502998,29.524855
国奥旅行社,重庆,重庆,万州区,023,58249966,万达广场/移民广场,白岩路196号,景点,旅行社,108.373981,30.812921
旅投渝之旅国际旅行社公司,重庆,重庆,重庆,023,,弹子石,弹子石新街1号宏声假日广场F1层,景点,旅行社,106.592462,29.583122
重庆汇丰国际旅行社,重庆,重庆,万州区,023,131****6092,万达广场/移民广场,高笋塘万高国际1层a1,景点,旅行社,108.378605,30.810678
中国国旅,重庆,重庆,永川区,023,49882016,老城区,永青路瑞派商务酒店对面,景点,旅行社,105.890493,29.350593
西南溯源之旅,重庆,重庆,重庆,023,68102276;68102275,杨家坪,谢家湾正街59号建设广场B座12-4室,景点,旅行社,106.517324,29.514004
中国国旅,重庆,重庆,重庆,023,68923280,大渡口公园,松青路1011号国瑞购物中心B1,景点,旅行社,106.480118,29.477917
宝中旅游,重庆,重庆,重庆,023,86101690,黄桷坪,龙江路8号,景点,旅行社,106.530173,29.493273
旅游百事通,重庆,重庆,重庆,023,139****2456,龙洲湾,龙洲大道帝豪水岸b1层,景点,旅行社,106.537573,29.402603
中国青年旅行社营业部,重庆,重庆,重庆,023,186****9688,小龙坎,小龙坎新街8号（小龙坎地铁站1号口旁）,景点,旅行社,106.468027,29.554325
文峰古街,重庆,重庆,合川区,023,,文峰街,书院街与赵家街交叉口东150米,景点,步行街,106.270887,29.983701
现代农业机械展示中心,重庆,重庆,重庆,023,,鱼洞,巴县大道11号,景点,展览馆,106.528578,29.379502
两江国际影视城,重庆,重庆,重庆,023,67343639,渝北区,龙兴镇民生路,景点,影视基地,106.822235,29.682371
重庆美术馆,重庆,重庆,重庆,023,63250993;63920631,解放碑,临江路1号重庆国泰艺术中心5层,景点,美术馆,106.576828,29.55998
柏华社区公园,重庆,重庆,重庆,023,,大渡口区,松青路1106号附4号,景点,公园/广场,106.476089,29.463046
金紫公园,重庆,重庆,重庆,023,,黄泥塝,紫荆路111号,景点,公园/广场,106.531822,29.596279
望霞公园,重庆,重庆,巫山县,023,,望霆公园,望月村53号,景点,城市公园,109.871475,31.073385
香山公园,重庆,重庆,忠县,023,,忠县其他,中博大道38号,景点,公园/广场,108.031425,30.297092
万州儿童公园,重庆,重庆,万州区,023,58321999,北山,北山街151号,景点,城市公园,108.390198,30.826035
江南水乡街,重庆,重庆,重庆,023,,空港广场,空港大道57号（空港广场地铁站3号口步行290米）,景点,观光街区,106.631406,29.735196
碧津广场,重庆,重庆,酉阳土家族苗族自治县,023,75688336,酉阳土家族苗族自治县其他,和平路与桃花源大道中路交叉口东北150米,景点,公园/广场,108.76916,28.843034
中博电子商业街,重庆,重庆,忠县,023,,忠县长江大桥,中博大道中博世界城（东北角）,景点,步行街,108.036511,30.297861
北城中央商业街,重庆,重庆,重庆,023,67174288,两路,双龙大道与胜利路交叉口东北角金易都会旁,景点,步行街,106.630413,29.717053
插旗山原始森林景区,重庆,重庆,江津区,023,,江津区,四面山风景名胜区,景点,森林公园,106.391179,28.610916
长龙山风景区,重庆,重庆,奉节县,023,,奉节县其他,长龙村村民委员会南200米,景点,自然风光,109.176628,31.122372
长寿湖景区,重庆,重庆,长寿区,023,40361888;40251300,长寿湖风景区,长寿湖镇湖滨路25号,景点,自然风光,107.242871,29.902931
陈家桥镇体育广场,重庆,重庆,重庆,023,,大学城,滨河路政府集资大楼翰府宴语附近,景点,公园/广场,106.33446,29.614851
大山村公园,重庆,重庆,重庆,023,,龙洲湾,走马梁路与渝南大道路口,景点,城市公园,106.544708,29.420822
戴公祠,重庆,重庆,重庆,023,65442884,歌乐山,凌云路歌乐山国家森林公园内,景点,宗教,106.433037,29.578024
佛耳寺,重庆,重庆,重庆,023,,鱼洞,江滨路鱼洞长江大桥南桥头下,景点,宗教,106.49195,29.39567
观音洞,重庆,重庆,梁平区,023,53639222,梁平百里竹海观音洞景区,正直社区明月山百里竹海景区内百里,景点,自然风光,107.567829,30.688142
观音寺,重庆,重庆,重庆,023,,鱼洞,江滨路鱼洞长江大桥南桥头下,景点,宗教,106.49398,29.395969
广厦城康体公园,重庆,重庆,重庆,023,,黄桷坪,广厦城6号9幢附3号附近,景点,城市公园,106.531891,29.490004
洪海景区,重庆,重庆,江津区,023,,江津区,四面山国家级风景名胜区,景点,自然风光,106.447456,28.600281
鸿图广场,重庆,重庆,重庆,023,,大石坝,鸿恩寺森林公园旁陶然大观园,景点,广场,106.511629,29.574879
欢乐水魔方泳品售卖,重庆,重庆,重庆,023,,华岩新城,龙门阵广场,景点,水上乐园,106.440643,29.485641
嘉陵文化广场,重庆,重庆,重庆,023,,双碑,办事处对面,景点,公园/广场,106.450127,29.60792
新金鹰女人街,重庆,重庆,重庆,023,134****6611;136****7352,鱼洞,新市街与新民街交叉口西60米,景点,步行街,106.524879,29.381613
九龙广场,重庆,重庆,重庆,023,68416840,动物园,西郊路2号,景点,公园/广场,106.510902,29.500343
瞿塘峡·天坑地缝,重庆,重庆,奉节县,023,,奉节县其他,白帝村一社,景点,自然景观,109.573772,31.043172
孔园,重庆,重庆,重庆,023,,巴南区,南泉路6号,景点,人文古迹,106.582962,29.419622
揽江公园,重庆,重庆,重庆,023,,大渡口区,鱼洞长江大桥桥头,景点,城市公园,106.500488,29.4077
老舍旧居,重庆,重庆,重庆,023,89865820,老城区/天奇广场,天生新村新村67号附近（北碚地铁站4A口步行150米）,景点,名人故居,106.435753,29.826494
两江新区规划展览馆,重庆,重庆,重庆,023,,冉家坝,星光大道1号,景点,陈列馆,106.507515,29.601498
两栖动物馆,重庆,重庆,重庆,023,,洋人街,南滨东路6-附34号附近,景点,动物园,106.601982,29.611401
林铁故里,重庆,重庆,万州区,023,,万州区其他,中心街,景点,古村古镇,108.016119,30.727237
龙门阵,重庆,重庆,重庆,023,,华岩新城,中梁山街道华岩新村151号（龙门阵旁）,景点,更多景点/周边游,106.440605,29.484671
梦想屋,重庆,重庆,重庆,023,,洋人街,涂山镇美心洋人街内,景点,更多景点/周边游,106.600372,29.609772
南滨路钟楼广场,重庆,重庆,重庆,023,,南滨路,南滨路千佛寺,景点,广场,106.591911,29.57272
南阳公园,重庆,重庆,垫江县,023,,垫江县其他,桂溪街道桂西大道南段208号,景点,城市公园,107.334066,30.326773
岐山草原,重庆,重庆,云阳县,023,,龙缸景区,柏杨区林场西300米,景点,自然风光,108.932613,30.600553
勤居村公园,重庆,重庆,重庆,023,,双碑,嘉勤路与嘉建路交叉口南100米,景点,城市公园,106.448257,29.610023
青龙袭水,重庆,重庆,重庆,023,,华岩新城,华岩风景区,景点,更多景点/周边游,106.447662,29.485968
日月岛芳香植物园,重庆,重庆,重庆,023,62451952,茶园新区,长江工业园,景点,植物园,106.673737,29.520374
宝中旅游三和服务部,重庆,重庆,重庆,023,159****7916,空港广场,长翔路119号三和,景点,旅行社,106.640254,29.740924
红光村三教寺,重庆,重庆,石柱土家族自治县,023,,石柱土家族自治县其他,三教寺（龙嘴路北300米）,景点,宗教,108.142446,30.016155
施光南音乐广场,重庆,重庆,重庆,023,,黄桷垭/南山,物园路101号重庆南山植物园内,景点,公园/广场,106.62982,29.555488
狮子滩大坝风景区,重庆,重庆,长寿区,023,40275588,长寿湖风景区,湖滨路25号,景点,自然风光,107.252174,29.902521
苏维埃政权纪念公园,重庆,重庆,城口县,023,52990705,城口商贸中心,土城路半月池2号,景点,纪念公园,108.665421,31.946566
天池森林公园,重庆,重庆,忠县,023,,忠县其他,县城以西20公里处扬眉山上,景点,公园/广场,107.895111,30.228964
天一旅行社,重庆,重庆,忠县,023,,华怡广场,果园路4号,景点,旅行社,108.038279,30.292059
铁峰山国家森林公园,重庆,重庆,开州区,023,58410337,开州区其他,大垭口,景点,森林公园,108.344201,30.931924
铜锣峡谷景区,重庆,重庆,重庆,023,,铁山坪,铁山坪峡峰路,景点,自然风光,106.664155,29.592774
武庙,重庆,重庆,铜梁区,023,,铜梁区其他,民主路2号,景点,宗教,106.052117,29.84628
溪韵社区公园,重庆,重庆,重庆,023,,北碚城北/九号好吃街,金华路123号,景点,城市公园,106.427292,29.830206
峡江开埠,重庆,重庆,重庆,023,,长嘉汇商圈,下石溪路与南滨路交叉口西50米,景点,古代遗迹,106.591301,29.572037
星光社区公园,重庆,重庆,重庆,023,,渝北区,银杉路66号附近,景点,城市公园,106.497604,29.608302
渝北广场,重庆,重庆,重庆,023,,两路,双凤路与渝航路交叉口东南方向50米,景点,广场,106.631096,29.718805
玉泉公园,重庆,重庆,铜梁区,023,,新城区,龙城大道与金龙大道交口,景点,公园/广场,106.080321,29.850436
月亮岩公园,重庆,重庆,重庆,023,,大渡口公园,美德路金色家园（平安地铁站3号口步行390米）,景点,城市公园,106.485786,29.486286
张关水溶洞,重庆,重庆,重庆,023,67383333;67383555,渝北区,张关镇洛碛镇水溶洞2号,景点,自然风光,106.908393,29.758301
中国西部科学院旧址,重庆,重庆,重庆,023,,文星湾,文星湾42号,景点,博物馆,106.436165,29.832867
重庆国际时尚发布中心,重庆,重庆,重庆,023,67786771,朝天门,文化街东路重庆大剧院B2层,景点,景点/周边游,106.582474,29.569801
状元府,重庆,重庆,重庆,023,,上清寺,桂花园路12号,景点,人文古迹,106.542885,29.554667
阿弥寺,重庆,重庆,璧山区,023,,璧山区其他,悦青路,景点,宗教,106.164893,29.682453
白连寺,重庆,重庆,重庆,023,,渝北区,百灵寺东北侧110米,景点,宗教,106.793789,29.782103
永川白马寺,重庆,重庆,永川区,023,,永川区其他,养新道,景点,宗教,105.989683,29.205593
白沙寺,重庆,重庆,重庆,023,,巴南区,东温泉镇,景点,宗教,106.863186,29.447056
白塔,重庆,重庆,涪陵区,023,,涪陵区其他,渝巴路,景点,历史建筑,107.429758,29.751583
新桥路白塔寺,重庆,重庆,荣昌区,023,,荣昌区其他,观胜镇新桥路,景点,景点/周边游,105.447026,29.539286
光明路白塔寺,重庆,重庆,荣昌区,023,,荣昌区其他,白塔街与光明路交叉口东北方向371米,景点,宗教,105.548906,29.567533
政府路白云寺,重庆,重庆,云阳县,023,,云阳县其他,政府路,景点,宗教,108.594376,31.131785
新桥路白云寺,重庆,重庆,荣昌区,023,,荣昌区其他,新桥路,景点,宗教,105.400197,29.65166
宝盖寺,重庆,重庆,荣昌区,023,,荣昌区其他,双荣路,景点,宗教,105.420064,29.641194
宝圣湖公园,重庆,重庆,重庆,023,,回兴,回兴街道宝桐路2号,景点,城市公园,106.604118,29.678652
宝塔寺,重庆,重庆,石柱土家族自治县,023,,石柱土家族自治县其他,石垫路,景点,宗教,108.475759,30.231595
财神庙,重庆,重庆,铜梁区,023,,铜梁区其他,福联路,景点,宗教,106.049913,29.694192
长寿寺,重庆,重庆,潼南区,023,,潼南区其他,330乡道,景点,宗教,105.590748,30.137621
常青寺,重庆,重庆,合川区,023,,合川区其他,灵龙街,景点,宗教,106.033605,30.302121
朝源观,重庆,重庆,江津区,023,47666559,江津区,四面山国家级风景名胜区,景点,宗教,106.320258,28.646158
崇福寺,重庆,重庆,开州区,023,,开州区其他,圣池路,景点,宗教,108.535856,31.107466
川东行署旧址,重庆,重庆,重庆,023,,老城区/天奇广场,天生路2号西南大学第一办公楼,景点,历史建筑,106.428558,29.822922
川主庙,重庆,重庆,云阳县,023,,云阳县其他,政府路,景点,宗教,108.603772,31.132792
大湾人民广场,重庆,重庆,重庆,023,,渝北区,滨河路与文星路交叉口西120米,景点,广场,106.824441,30.017498
道明寺,重庆,重庆,重庆,023,,北碚区,道明寺（天府车站路北490米）,景点,宗教,106.475669,29.843856
地藏寺,重庆,重庆,荣昌区,023,,荣昌区其他,大内高速,景点,宗教,105.447208,29.613378
东禅寺,重庆,重庆,潼南区,023,,潼南区其他,桂林街道金佛大道北城龙珠南100米,景点,宗教,105.832447,30.184627
东岳庙,重庆,重庆,永川区,023,,永川区其他,朱松道,景点,宗教,105.906274,29.056666
沙坪坝凤凰寺,重庆,重庆,重庆,023,136****1069,磁器口,教院路25号,景点,宗教,106.455627,29.577662
福寿寺,重庆,重庆,合川区,023,,合川区其他,交通南路,景点,宗教,106.162216,30.257316
高镇文化广场,重庆,重庆,丰都县,023,136****8628,丰都县其他,文昌东路6号,景点,公园/广场,107.864746,30.019754
卧龙街观音庙,重庆,重庆,潼南区,023,,潼南区其他,卧龙街,景点,宗教,106.005653,30.268293
迎宾大道观音庙,重庆,重庆,荣昌区,023,,荣昌区其他,迎宾大道南段,景点,宗教,105.623398,29.38199
观音岩移民休闲广场,重庆,重庆,万州区,023,,观音岩/外贸,万顺路80号,景点,广场,108.385758,30.775789
海青寺,重庆,重庆,潼南区,023,,潼南区其他,205省道,景点,宗教,105.695731,30.252381
黄龙寺,重庆,重庆,云阳县,023,,云阳县其他,渝巫路,景点,宗教,108.74419,31.287428
綦江基督教堂,重庆,重庆,綦江区,023,,綦江区其他,南桐北路麒麟村村委会东北侧约100米,景点,宗教,106.880732,28.955832
几江街道天主教堂,重庆,重庆,江津区,023,,大同路步行街,麻纱市街93号,景点,宗教,106.251218,29.286788
见证三峡陈列馆,重庆,重庆,万州区,023,,万达广场/移民广场,三峡福德斯广场步行街,景点,陈列馆,108.381462,30.808105
金堆寺,重庆,重庆,潼南区,023,,潼南区其他,古玉路,景点,宗教,105.800102,30.316633
金剑山森林公园,重庆,重庆,璧山区,023,,璧山区其他,温泉路林泉香山北侧约230米,景点,森林公园,106.246153,29.583803
缙云广场,重庆,重庆,重庆,023,,北碚城南,双元大道194号附5号（状元碑地铁站2C口步行310米）,景点,广场,106.396835,29.804461
静光寺,重庆,重庆,铜梁区,023,,铜梁区其他,巴岳山公路,景点,宗教,106.055804,29.78024
九金山,重庆,重庆,江津区,023,,江津区,二溪路,景点,自然风光,105.935603,29.007715
九龙观,重庆,重庆,巫溪县,023,,巫溪县其他,通红街,景点,宗教,109.713761,31.344381
擂鼓寺,重庆,重庆,铜梁区,023,,铜梁区其他,土新路,景点,宗教,106.001911,29.788033
灵官庙,重庆,重庆,开州区,023,,开州区其他,云开路东150米,景点,宗教,108.111361,31.242451
龙缸国家地质公园博物馆,重庆,重庆,云阳县,023,55333111,龙缸景区,龙缸路龙缸景区,景点,博物馆,109.004318,30.671432
龙头寺,重庆,重庆,重庆,023,185****1058,洋河花园,玉兰路100号附10号,景点,宗教,106.544472,29.591654
农民体育健身广场,重庆,重庆,重庆,023,,巴南区,圣东路西50米,景点,公园/广场,106.777831,29.46592
普度寺,重庆,重庆,永川区,023,,永川区其他,五胡路,景点,景点/周边游,105.846221,29.164858
普渡寺,重庆,重庆,开州区,023,,开州区其他,商贸街东里明珠,景点,宗教,108.484477,31.290117
普陀山,重庆,重庆,合川区,023,,合川区其他,女儿碑街,景点,自然风光,106.050075,30.175285
清凉庵,重庆,重庆,重庆,023,,渝北区,际华园东路与御临大道交叉口正北方向1200米,景点,宗教,106.836829,29.697159
燃灯寺,重庆,重庆,璧山区,023,,璧山区其他,大兴镇民和路,景点,宗教,106.089381,29.546351
交通北路三教寺,重庆,重庆,合川区,023,,合川区其他,三教寺,景点,宗教,106.165254,30.295541
三教堂,重庆,重庆,荣昌区,023,,荣昌区其他,曙光路,景点,宗教,105.599304,29.49142
三圣宫,重庆,重庆,开州区,023,,开州区其他,云开路,景点,历史建筑,108.541647,31.228937
渝北山王庙,重庆,重庆,重庆,023,,北碚区,金刀峡镇新渝路38号,景点,宗教,106.639361,30.005531
长寿山王庙,重庆,重庆,重庆,023,,渝北区,石船镇张白路,景点,宗教,106.893147,29.799787
双庙子,重庆,重庆,巫溪县,023,,巫溪县其他,重庆市巫溪县红池坝镇,景点,宗教,108.779457,31.543175
塔坪寺,重庆,重庆,重庆,023,,北碚区,碚金路东50米,景点,宗教,106.590622,29.893211
太平庙,重庆,重庆,合川区,023,,合川区其他,黄连嘴街,景点,宗教,106.108368,30.185778
迎宾路太平寺,重庆,重庆,江津区,023,,江津区,迎宾路,景点,宗教,106.161617,29.215767
太阳庙,重庆,重庆,云阳县,023,,云阳县其他,江口镇渝巫路,景点,宗教,108.724433,31.323759
陶窑遗址,重庆,重庆,黔江区,023,,黔江区,濯水镇桥南路,景点,古代遗迹,108.789453,29.345342
天主教爱国会,重庆,重庆,江津区,023,47537744,大同路步行街,麻纱市街69号万众福幼儿园3层,景点,宗教,106.251213,29.286781
荣昌天主堂,重庆,重庆,荣昌区,023,,重百,宝城支路与西大街交叉口东150米,景点,宗教,105.587723,29.40159
同兴庙,重庆,重庆,荣昌区,023,,荣昌区其他,新桥路,景点,宗教,105.437824,29.55145
土主庙,重庆,重庆,合川区,023,,合川区其他,十字西路重庆市合川区草街小学东北侧约60米,景点,宗教,106.39127,30.000784
万台寺,重庆,重庆,合川区,023,,合川区其他,交通北路,景点,宗教,106.144683,30.279093
文峰观,重庆,重庆,巫山县,023,,巫山县其他,Z204西50米,景点,宗教,109.915184,31.065559
璧山文庙,重庆,重庆,璧山区,023,,大成广场,中山北路110号,景点,宗教,106.226562,29.592993
仙女山新区城市规划展览馆,重庆,重庆,武隆区,023,,仙女山景区,仙女路33号,景点,陈列馆,107.767387,29.428246
重庆三峡奇石博览馆,重庆,重庆,重庆,023,,华岩新城,华岩寺路华岩旅游风景区,景点,展览馆,106.445961,29.492931
歇马庙,重庆,重庆,铜梁区,023,,铜梁区其他,铜合公路,景点,宗教,106.235159,29.884129
新观音,重庆,重庆,潼南区,023,,潼南区其他,重庆市潼南区宝龙镇,景点,宗教,105.968289,30.358469
垭佛寺,重庆,重庆,合川区,023,,合川区其他,交通街,景点,宗教,106.142405,30.045385
杨尚昆旧居,重庆,重庆,潼南区,023,44862666,潼南区其他,双江镇金龙村长滩子大,景点,名人故居,105.742416,30.212221
玉皇观,重庆,重庆,合川区,023,,合川区其他,天龙街,景点,宗教,106.298315,30.201745
云顶寺,重庆,重庆,彭水苗族土家族自治县,023,,彭水苗族土家族自治县其他,插旗街201号,景点,宗教,108.143804,29.284654
云峰寨,重庆,重庆,璧山区,023,,璧山区其他,缙云路62号,景点,历史建筑,106.352318,29.809788
曾家庙,重庆,重庆,重庆,023,,渝北区,007乡道西150米,景点,宗教,106.784421,29.783634
真常寺,重庆,重庆,荣昌区,023,,荣昌区其他,荣圆路,景点,宗教,105.560776,29.367456
大足真原堂,重庆,重庆,大足区,023,,大足区,教堂街与马跑路交叉口东南150米,景点,宗教,105.838638,29.630295
北碚中峰寺,重庆,重庆,重庆,023,,北碚区,苏家公路,景点,宗教,106.332535,29.88729
荣昌中峰寺,重庆,重庆,荣昌区,023,,荣昌区其他,新桥路,景点,宗教,105.472741,29.547011
工农红军第三军司令部旧址,重庆,重庆,酉阳土家族苗族自治县,023,,酉阳土家族苗族自治县其他,贺龙大道与红军中街一路交叉口东480米,景点,革命旧址,108.650463,28.395343
中国大足五金博物馆,重庆,重庆,大足区,023,43584888;136****5444,大足区,龙水镇五金国际会展中心,景点,博物馆,105.763941,29.574351
周家庙,重庆,重庆,开州区,023,,开州区其他,映阳街西100米,景点,宗教,108.201527,31.126447
周家寺,重庆,重庆,荣昌区,023,,荣昌区其他,政通街,景点,宗教,105.490012,29.517327
祖师庙,重庆,重庆,云阳县,023,,云阳县其他,故陵万县公路,景点,宗教,109.051734,30.913935
九州国际旅行社,重庆,重庆,重庆,023,68718748,大坪,长江二路177－1号,景点,旅行社,106.517147,29.536717
八一六公园,重庆,重庆,涪陵区,023,,涪陵区其他,816厂21号路附近,景点,文化公园,107.462539,29.535508
半溪河滨水公园,重庆,重庆,南川区,023,71416013,盛丰源,盛丰源步行街与新民街交叉口西40米,景点,城市公园,107.099747,29.154762
铂悦国际旅行社,重庆,重庆,重庆,023,,两路口,上清寺路14号太平洋广场B座20层,景点,旅行社,106.545792,29.559652
蚕溪河观景台,重庆,重庆,石柱土家族自治县,023,,石柱土家族自治县其他,沪渝高速公路,景点,景点/周边游,108.303968,30.017244
观音岩观景台,重庆,重庆,重庆,023,,九龙坡区,G93成渝环线高速东50米,景点,景点/周边游,106.322246,29.269743
国民政府经济部旧址,重庆,重庆,重庆,023,,朝天门,新华路43号,景点,历史建筑,106.584534,29.560949
海外旅业,重庆,重庆,重庆,023,186****0530,南坪,南坪西路61号附6号,景点,旅行社,106.555804,29.528134
海外旅业（旅行社）集团有限公司,重庆,重庆,重庆,023,159****4220,朝天门,朝天门街道民族路18号新重庆公寓29-9室,景点,旅行社,106.583709,29.560567
荷韵生态园,重庆,重庆,重庆,023,66423333,巴南区,干湾村2社7号,景点,动植物园,106.491074,29.333254
中国国旅,重庆,重庆,重庆,023,86088088,天生丽街,天生路64号（西南大学地铁站3号口步行110米）,景点,旅行社,106.423931,29.816731
聚兴诚银行旧址,重庆,重庆,重庆,023,152****6386,解放碑,解放东路112号,景点,历史建筑,106.583848,29.555983
空军抗战纪念园,重庆,重庆,重庆,023,,黄桷垭/南山,南山公园路,景点,纪念公园,106.643929,29.561424
旅游百事通,重庆,重庆,长寿区,023,40281777,协信老城,向阳街5号附2号,景点,旅行社,107.076188,29.831498
人和园,重庆,重庆,重庆,023,,龙头寺,衡水路与泰山大道中段交叉口,景点,城市公园,106.53672,29.609859
荣昌人民广场,重庆,重庆,荣昌区,023,,人民广场/奥林匹克广场,行政服务中心东北50米,景点,广场,105.611755,29.415527
日报报业集团新闻旅行社,重庆,重庆,重庆,023,86809888,两路口,中山三路163号附5-6号,景点,旅行社,106.547917,29.559157
三峡博物馆,重庆,重庆,巫溪县,023,,巫溪县其他,白鹿街东50米,景点,博物馆,109.6449,31.54799
森林国旅,重庆,重庆,重庆,023,,七星岗,两路口街道中山二路111号六楼,景点,旅行社,106.553379,29.554309
十里柚乡生态旅游区,重庆,重庆,长寿区,023,40469899,长寿区其他,邻封镇魏家河坎,景点,自然景观,107.199643,29.882863
太白生态园,重庆,重庆,万州区,023,153****7156,万州区其他,太白村毛尖山,景点,动植物园,108.352908,30.807266
香港城水上乐园,重庆,重庆,重庆,023,68902999,大渡口公园,翠云街佳禾钰茂·香港城,景点,水上乐园,106.478635,29.471385
兴黔旅行社,重庆,重庆,黔江区,023,,黔江区中心城区,城西六路333号77号75号附1号,景点,旅行社,108.772294,29.532374
酉阳县河湾山寨,重庆,重庆,酉阳土家族苗族自治县,023,75414815,酉阳土家族苗族自治县其他,后溪镇,景点,古村古镇,109.152038,28.857819
渝之旅国际旅行社,重庆,重庆,重庆,023,63722237;153****5147,两路口,美专校街66号鑫隆达大厦A座16-5室,景点,旅行社,106.546119,29.558209
渝之旅,重庆,重庆,重庆,023,,小龙坎,工人街雪梨澳乡东南侧约80米,景点,旅行社,106.475305,29.555115
郁江观景台,重庆,重庆,彭水苗族土家族自治县,023,,彭水苗族土家族自治县其他,G65包茂高速,景点,公园/广场,108.252573,29.359308
中国国际旅行有限公司,重庆,重庆,重庆,023,136****9594,解放碑,民权路3号平街1层3号,景点,旅行社,106.577296,29.555736
中国旅行社（集团）有限公司,重庆,重庆,重庆,023,65231845,小龙坎,天陈路39号,景点,旅行社,106.458707,29.551263
中国旅行社,重庆,重庆,重庆,023,60762119,石桥铺,渝州路29号-附140号附近,景点,旅行社,106.486416,29.533526
中国旅行社,重庆,重庆,重庆,023,138****4722,解放碑,青年路3号时代豪苑A座12层1层（临江门地铁站1号口旁）,景点,旅行社,106.574382,29.556732
中国青旅,重庆,重庆,重庆,023,63520484,九滨路,交通街115号附二号竹园小区大门,景点,旅行社,106.530673,29.537663
中国青旅,重庆,重庆,重庆,023,183****5114,观音桥,建新北路28号,景点,旅行社,106.529825,29.579683
中国青年旅行社,重庆,重庆,重庆,023,157****5817,大渡口公园,松青路与步行街交叉口西100米,景点,旅行社,106.478844,29.47493
中旅集团,重庆,重庆,重庆,023,139****1003;136****8140,朝天门,长滨路17号-23号(海客瀛州)负一层1号摊,景点,旅行社,106.588681,29.562821
重庆三峡油画院,重庆,重庆,重庆,023,63658475;158****7179,两路口,鹅岭正街168号,景点,美术馆,106.536728,29.548153
重庆秀山洪安边城景区,重庆,重庆,秀山土家族苗族自治县,023,76630366,秀山土家族苗族自治县其他,洪安镇洪渡路2号附近,景点,古村古镇,109.270923,28.497543
南海温泉,重庆,重庆,重庆,023,68531988,大渡口区,跳磴镇南海大道与西小路交叉口西250米,景点,温泉,106.424492,29.372118
安居古城,重庆,重庆,铜梁区,023,45363003,铜梁区其他,安居镇油房街与后河街交叉路口往东北约100米,景点,古村古镇,106.02766,29.98625
重庆中国青年旅行社有限公司,重庆,重庆,重庆,023,63626406,较场口,民生路5号美力大厦7-11号,景点,旅行社,106.573399,29.554429
泽胜温泉酒店,重庆,重庆,涪陵区,023,64668888;64668819,涪陵区其他,崇义街道兴涪路中段（近滨江大道）,景点,温泉,107.363765,29.721692
青年旅行社,重庆,重庆,重庆,023,133****4444,回兴,兴科大道92号,景点,旅行社,106.612299,29.695679
葫芦坝睡养小镇,重庆,重庆,潼南区,023,44521056;44525833,潼南油菜花景区,崇龛镇陈抟故里,景点,更多景点/周边游,105.613251,30.144758
天赐华汤温泉酒店,重庆,重庆,璧山区,023,41555555;41566377,璧山区其他,壁城镇温泉路8号,景点,温泉,106.24109,29.580657
三秀油菜花,重庆,重庆,南川区,023,,南川区其他,北固村,景点,植物园,107.133065,29.174921
重庆市酉阳旅行社,重庆,重庆,酉阳土家族苗族自治县,023,75565999,酉阳土家族苗族自治县其他,桃花源大道北段质监局底商,景点,旅行社,108.767761,28.862191
临江镇东佛寺,重庆,重庆,开州区,023,,开州区其他,临江镇以西面一里许的六龙山上,景点,宗教,108.220569,31.095829
中国青年旅行社,重庆,重庆,重庆,023,86065675,观音桥,建新南路11号浩博天庭商务大厦10-4号,景点,旅行社,106.534855,29.571425
同程国际旅行社,重庆,重庆,重庆,023,82209562,九龙坡区,玉零洞正街2附3号,景点,旅行社,106.363907,29.428871
茅草坝,重庆,重庆,奉节县,023,56550555,奉节县其他,茅草坝风景区（旅游环线北300米）,景点,自然风光,109.591156,30.731747
同程国际,重庆,重庆,重庆,023,186****0276,大学城,景创尚城3栋5-2室,景点,旅行社,106.329367,29.616257
中国国际旅行社,重庆,重庆,重庆,023,139****8339;137****0027,冉家坝,龙山街道余松路449号,景点,旅行社,106.493068,29.593171
珊瑚公园恐龙展,重庆,重庆,重庆,023,,两路口,长江滨江南路380号,景点,展览馆,106.553574,29.549622
群众文化艺术馆,重庆,重庆,重庆,023,,铁山坪,鸿恩路25号,景点,美术馆,106.7014,29.6136
火凤山公园,重庆,重庆,重庆,023,60361518,人和,万年路398号,景点,城市公园,106.542892,29.624136
昌州古城,重庆,重庆,大足区,023,43733011,大足区,佛都大道与棠乡一路交叉路口东北侧,景点,宗教,105.745163,29.691698
自游国旅,重庆,重庆,重庆,023,67739522,南坪,南坪亚太路1号亚太商谷15栋1-2室,景点,旅行社,106.560249,29.535217
重庆旅投渝之旅,重庆,重庆,重庆,023,62928887;157****9370,南坪,宏声路36号附3号,景点,旅行社,106.570715,29.531685
重庆中旅集团,重庆,重庆,重庆,023,62606327,南坪,庆隆商厦东门旁,景点,旅行社,106.563492,29.523512
旅游百事通,重庆,重庆,重庆,023,186****0530,南坪,南坪西路61号附6号,景点,旅行社,106.555776,29.528166
中国国旅,重庆,重庆,重庆,023,65303479;65310586,三峡广场,小龙坎正街139号雾都大厦负1层9号,景点,旅行社,106.465053,29.554923
新世纪国旅,重庆,重庆,重庆,023,,沙坪坝/重庆大学,利得尔大厦南门东160米（小龙坎地铁站1号口步行260米）,景点,旅行社,106.465686,29.554996
重庆两江夜游-交运系列,重庆,重庆,重庆,023,63108939;153****1037,朝天门,嘉陵江滨江路洪崖洞码头,景点,城市观光,106.576584,29.562296
垫江大观园,重庆,重庆,垫江县,023,,垫江县其他,沙坪镇垫江大观园油菜花景区,景点,植物园,107.404635,30.422079
中旅总社帝丰门市部,重庆,重庆,重庆,023,63992001,袁家岗,长江二路177-1-17号,景点,旅行社,106.515956,29.534146
重庆3D奇幻艺术馆,重庆,重庆,长寿区,023,,古镇黄桷湾,桃源西四路15栋长寿古镇c区22栋1-10室,景点,美术馆,107.065216,29.854935
美高生态农业园,重庆,重庆,重庆,023,132****5110,茶园新区,广福大道12号南岸区行政中心B区正西方向50米,景点,植物园,106.64328,29.496584
渝之旅国际旅行社,重庆,重庆,重庆,023,138****2762,上清寺,上清寺路1号8-2,景点,旅行社,106.548052,29.559142
长江国旅,重庆,重庆,重庆,023,62878317,南坪,万达广场4号时尚楼25-5室,景点,旅行社,106.569347,29.525869
中旅集团,重庆,重庆,重庆,023,,杨家坪,杨家坪正街25号立丹时尚街F12室,景点,旅行社,106.514857,29.508697
万灵古镇,重庆,重庆,荣昌区,023,46219128,荣昌区其他,政府附近（学府路56号）,景点,古村古镇,105.64773,29.487738
长江三峡-大美华夏游轮,重庆,重庆,重庆,023,4001818477,朝天门,朝天门13码头,景点,游艇,106.589508,29.561029
重庆中国旅行社,重庆,重庆,重庆,023,89316207;89316208,大坪,龙湖时代天街4号商务楼2006、2007,景点,旅行社,106.510044,29.539664
钱塘生态园,重庆,重庆,合川区,023,42572131,合川区其他,金钱路,景点,更多景点/周边游,106.28636,30.17838
要出发旅行,重庆,重庆,重庆,023,4001181166,回兴,宝圣东路299号蓝色星空（中环建设公司旁）,景点,旅行社,106.608367,29.676387
长寿古镇游乐场,重庆,重庆,长寿区,023,139****9781,古镇黄桷湾,桃兴路与桃源西四路交叉口西80米,景点,游乐场,107.064949,29.850142
港侨国际旅行社,重庆,重庆,重庆,023,153****0865;152****5086,朝天门,长江滨江路与接圣街交叉口北160米,景点,旅行社,106.588425,29.566375
地一国际商业街,重庆,重庆,开州区,023,52660777,新世纪,开州大道168号,景点,步行街,108.404059,31.169639
武陵山大裂谷,重庆,重庆,涪陵区,023,72701503,涪陵区其他,石甲沟村六舍,景点,自然风光,107.57095,29.529003
合川嘉隆西海观光园,重庆,重庆,合川区,023,42677588,合川区其他,351国道大石街道竹山村,景点,更多景点/周边游,106.201309,30.08279
西南大学-美术馆,重庆,重庆,重庆,023,68253073,天生丽街,天生路2号,景点,美术馆,106.430051,29.822071
北碚美术馆,重庆,重庆,重庆,023,68274448,老城区/天奇广场,公园村26号,景点,美术馆,106.441528,29.828753
晏济元美术馆,重庆,重庆,重庆,023,63856663,渝中区,化龙桥街道李子坝正街66号-3号(李子坝抗战遗址公园内),景点,美术馆,106.536013,29.552167
丁山湖,重庆,重庆,綦江区,023,48757001,綦江区其他,生态路与芦石路交叉口南50米,景点,自然风光,106.596685,28.701445
一城百年广场,重庆,重庆,重庆,023,62858962,李家沱,李家沱正街160号附4号,景点,公园/广场,106.542751,29.465461
江与城体育公园,重庆,重庆,重庆,023,,大竹林,大竹林街道天山大道西段39号,景点,城市公园,106.472542,29.623399
重庆西南旅行社,重庆,重庆,重庆,023,182****1199,南坪,江南大道7号2栋负一楼-1号,景点,旅行社,106.566242,29.532132
重庆国际博览中心,重庆,重庆,重庆,023,60358999,国际博览中心,悦来街道悦来大道66号,景点,展览馆,106.541908,29.718794
亿象城科技光影主题馆,重庆,重庆,重庆,023,,南坪,江南大道辅路与南坪正街交叉口北40米,景点,科技馆,106.566704,29.5299
万象润街,重庆,重庆,重庆,023,,九滨路,谢家湾正街55号,景点,观光街区,106.525398,29.514807
大龙山公园,重庆,重庆,重庆,023,88601188,龙溪镇,龙山街道龙山大道（大龙山地铁站1A口步行60米）,景点,城市公园,106.500328,29.5872
重庆悦行自驾游俱乐部,重庆,重庆,重庆,023,86809998;186****3769,南坪,亚太路玖玺国际6栋27-11室,景点,旅行社,106.559629,29.535934
重庆皇程国旅,重庆,重庆,重庆,023,64313601,解放碑,沧白路75号,景点,旅行社,106.57847,29.561381
鼓楼,重庆,重庆,石柱土家族自治县,023,,石柱土家族自治县其他,S202,景点,历史建筑,108.118807,30.006554
昌州国际旅行社,重庆,重庆,大足区,023,43765058,大足区,先锋路14号,景点,旅行社,105.720631,29.703801
浩鑫旅行社,重庆,重庆,重庆,023,63870411,大礼堂,人和街华福巷31号附1号（829.810人和街总站上行50米）,景点,旅行社,106.556887,29.56026
天心寺,重庆,重庆,重庆,023,,巴南区,莲花山（近在天星寺镇）,景点,宗教,106.77114,29.397923
东水门及古城墙,重庆,重庆,重庆,023,63236266,朝天门,朝天门街道长滨路58号,景点,古代遗迹,106.58802,29.55962
夕才儿美术馆,重庆,重庆,重庆,023,,观音桥,北城天街10号远东百货F5,景点,美术馆,106.534065,29.578598
茶山竹海风景区,重庆,重庆,永川区,023,49785801,永川区其他,429县道茶山竹海风景区,景点,森林公园,105.904838,29.388918
重庆中国青年旅行社,重庆,重庆,涪陵区,023,87872962,易家坝,兴华中路64号依蝶新大兴爱家超市7号收银台旁,景点,旅行社,107.394638,29.700155
华宇广场,重庆,重庆,重庆,023,65407599;65401537,三峡广场,小龙坎街道渝碚路15号,景点,广场,106.462479,29.555586
铜梁奇彩梦园,重庆,重庆,铜梁区,023,45678250;45678010,七彩游乐场,黄门村奇彩梦园,景点,更多景点/周边游,106.045846,29.793583
重庆扬子江国际旅行社,重庆,重庆,重庆,023,,观音桥,观音桥街道茂业东方时代大厦30楼20号,景点,旅行社,106.533212,29.574592
小三峡游船,重庆,重庆,巫山县,023,,江景一条街,宁江路旅游二码头,景点,城市观光,109.888258,31.080352
民俗博物馆,重庆,重庆,重庆,023,,磁器口,磁南街1号磁器口景区内,景点,博物馆,106.451843,29.580502
双江古镇景区,重庆,重庆,潼南区,023,44868266,潼南区其他,双江镇正街15号正北方向90米,景点,古村古镇,105.749304,30.212685
华夏宗祠,重庆,重庆,重庆,023,,渝北区,祠堂街23号,景点,宗教,106.793583,29.697763
中华全国文艺界抗敌协会旧址,重庆,重庆,重庆,023,,七星岗,张家花园街141号附近,景点,革命旧址,106.55941,29.560553
九曲河湿地公园,重庆,重庆,重庆,023,,渝北区,礼环南路与嘉蓉路交叉口东南角,景点,城市公园,106.508806,29.652976
河记旅行社,重庆,重庆,重庆,023,63655774,朝天门,朝千路东和湾C栋10-5（2号码头旁）,景点,旅行社,106.583639,29.563719
青和渝都旅行社,重庆,重庆,重庆,023,152****4506,朝天门,朝天门街道朝天门重庆港9码头,景点,旅行社,106.58926,29.564356
渝之旅国际旅行社,重庆,重庆,重庆,023,89009916,三峡广场,煌华新纪元2号楼18-7室,景点,旅行社,106.466962,29.557192
金刀峡,重庆,重庆,重庆,023,63602777;68204917,北碚区,小塘村1号,景点,自然风光,106.623039,30.022556
佳想安善美术馆,重庆,重庆,重庆,023,63268682,化龙桥/重庆天地,化龙桥瑞天路150号重庆天地1楼,景点,美术馆,106.509918,29.552641
重庆中旅集团,重庆,重庆,重庆,023,88926985;152****8610,观音桥,观音桥街道北辰名都29-10,景点,旅行社,106.529287,29.579165
洋人街,重庆,重庆,重庆,023,,弹子石,腾龙大道50号附56号,景点,观光街区,106.600944,29.605861
龙潭古镇,重庆,重庆,酉阳土家族苗族自治县,023,75312022,酉阳土家族苗族自治县其他,龙潭镇龙泉街28号,景点,古村古镇,108.967533,28.753143
黄水药用植物园,重庆,重庆,石柱土家族自治县,023,,石柱土家族自治县其他,黄水镇莼乡路黄水药用植物园内,景点,植物园,108.389149,30.227866
典雅中央广场,重庆,重庆,重庆,023,,鱼洞,龙洲大道1号,景点,公园/广场,106.534791,29.380074
源聚老街古镇,重庆,重庆,重庆,023,,鱼洞,箭河路与龙洲大道交叉口西北100米,景点,古村古镇,106.533257,29.376612
五桥学府广场,重庆,重庆,万州区,023,,五桥,安庆路和平苑隔壁,景点,公园/广场,108.445926,30.757916
五里店广场,重庆,重庆,重庆,023,,五里店/江北嘴,建新东路东方灯饰广场北侧,景点,公园/广场,106.557978,29.57926
合作村青年国际社区,重庆,重庆,重庆,023,130****6212,五里店/江北嘴,五里店街道北城三路87号,景点,创意园区,106.551897,29.573806
钢锋村,重庆,重庆,重庆,023,,五里店/江北嘴,五里店街道,景点,古村古镇,106.543571,29.570081
龙凤三村,重庆,重庆,重庆,023,,龙凤桥,北碚北碚老龙凤三村附近,景点,古村古镇,106.432067,29.814605
长征厂,重庆,重庆,重庆,023,,大渡口区,伏牛溪街3号楼,景点,更多景点/周边游,106.470548,29.410948
新坪村,重庆,重庆,重庆,023,,李家沱,重庆市巴南区李家沱街道,景点,古村古镇,106.544724,29.465724
东风街,重庆,重庆,重庆,023,,歇马,重庆市北碚区歇马街道,景点,观光街区,106.37169,29.763382
北碚公园村,重庆,重庆,重庆,023,68359503,老城区/天奇广场,朝阳街道,景点,公园/广场,106.44367,29.829551
锦湖园,重庆,重庆,重庆,023,,两路,锦湖路80号,景点,公园/广场,106.629395,29.708929
时光里枣子岚垭步道,重庆,重庆,重庆,023,,七星岗,枣子岚垭一巷50号-68号,景点,观光街区,106.557983,29.556344
香堤花径,重庆,重庆,重庆,023,,回兴,服装城大道乐信爱琴屿东南侧约150米,景点,自然景观,106.609146,29.673126
华夏八街,重庆,重庆,重庆,023,133****5565,鱼洞,巴县大道120号靠近中国建设银行（华夏8街分理处）,景点,观光街区,106.51405,29.386507
白云竹海,重庆,重庆,重庆,023,68223936,缙云山,缙云山,景点,自然景观,106.391551,29.828571
邹容广场,重庆,重庆,重庆,023,,临江门,邹容路151号（临江门地铁站2号口步行250米）,景点,公园/广场,106.573382,29.558819
西来寺,重庆,重庆,重庆,023,,临江门,(渝中解放碑)渝中区七星岗附近,景点,宗教,106.571281,29.558421
渝航园,重庆,重庆,重庆,023,,两路,汉渝路58号,景点,城市公园,106.627484,29.722526
魁星楼非遗传承体验基地,重庆,重庆,重庆,023,186****3109,洪崖洞,临江门大唐广场17号（临江门地铁站B1口步行240米）,景点,历史建筑,106.57364,29.560251
江建村,重庆,重庆,重庆,023,,北滨路,华新街街道,景点,古村古镇,106.534845,29.565919
重庆欢乐海底世界,重庆,重庆,重庆,023,88598989,化龙桥/重庆天地,嘉金路企业天地2号楼LG层,景点,海洋馆,106.516013,29.550842
泽胜商业步行街小区,重庆,重庆,涪陵区,023,,高笋塘,兴华中路25号,景点,步行街,107.397294,29.700477
泽胜温泉城,重庆,重庆,涪陵区,023,72368888,涪陵区其他,迎宾大道泽胜温泉酒店,景点,温泉,107.365039,29.720797
重庆白象街历史文化风貌区,重庆,重庆,重庆,023,64362240;88531008,解放碑,南纪门街道解放东路407号,景点,步行街,106.579745,29.551656
东水门,重庆,重庆,重庆,023,63236266,朝天门,长滨路58号（湖广会馆附近）,景点,历史建筑,106.587826,29.558906
元通寺,重庆,重庆,重庆,023,,朝天门,白象街55号,景点,宗教,106.58538,29.555256
杨家坪步行商业区,重庆,重庆,重庆,023,,杨家坪,兴胜路60号（杨家坪地铁站2号口步行290米）,景点,步行街,106.515289,29.510036
中天广场,重庆,重庆,万州区,023,,万达广场/移民广场,王牌路382号,景点,公园/广场,108.382811,30.797907
渝西广场,重庆,重庆,永川区,023,,渝西广场,渝西大道中段与渝西支路交叉口西北40米,景点,公园/广场,105.894881,29.348211
协信百年广场,重庆,重庆,长寿区,023,,协信老城,向阳路两侧原区委区政府地段,景点,公园/广场,107.070902,29.831722
微风广场,重庆,重庆,綦江区,023,48666683,綦江区其他,中山路7号,景点,公园/广场,106.652832,29.026518
丁山湖生态园,重庆,重庆,綦江区,023,,綦江区其他,生态路2号附3号,景点,植物园,106.599331,28.699721
丰都名山,重庆,重庆,丰都县,023,70611131,丰都县其他,景区路187号,景点,自然景观,107.723167,29.883117
南岸慈云寺,重庆,重庆,重庆,023,62871040,上新街,南滨路狮子山奇香泼辣鱼北侧,景点,景点/周边游,106.59478,29.565836
开心岛儿童水上主题俱乐部,重庆,重庆,重庆,023,,大石坝,红原路,景点,主题乐园,106.499847,29.56778
阿依河景区,重庆,重庆,彭水苗族土家族自治县,023,67507918;78839999,彭水苗族土家族自治县其他,阿依河社区6组500号,景点,自然风光,108.158289,29.171599
卫星湖,重庆,重庆,永川区,023,49681566,永川区其他,星湖大道669号,景点,自然风光,105.87748,29.239595
南方花园市级特色夜市,重庆,重庆,重庆,023,135****0802,石桥铺,科园四路南方花园千禧宠物医院,景点,夜市,106.494167,29.534074
泛洋广场,重庆,重庆,重庆,023,,小龙坎,小龙坎石小路2号（小龙坎地铁站6号口步行220米）,景点,公园/广场,106.468216,29.552106
玉清寺,重庆,重庆,重庆,023,,华岩新城,玉仙路,景点,宗教,106.438062,29.474028
子甲谷中国大院,重庆,重庆,荣昌区,023,177****2777,荣昌区其他,观胜镇S206省道斗碗井,景点,人文古迹,105.444579,29.567931
山城步道,重庆,重庆,重庆,023,,七星岗,七星岗街道中兴路234号旁,景点,步行街,106.566686,29.550502
牛人旅行,重庆,重庆,重庆,023,153****8060;159****6598,空港新城,润丰水尚观湖台5栋,景点,旅行社,106.610891,29.712471
永梁宏生态园,重庆,重庆,石柱土家族自治县,023,85000799,石柱土家族自治县其他,重庆北部新区栖霞路18号融创金贸时代16栋4-11室,景点,更多景点/周边游,108.540232,30.107712
磁器口龙吟会馆,重庆,重庆,重庆,023,,磁器口,磁器口正街148号,景点,展览馆,106.450958,29.579117
龙骨坡古猿人遗址,重庆,重庆,巫山县,023,,巫山县其他,庙宇镇龙坪村龙骨坡,景点,古代遗迹,109.666093,30.861593
重庆旅游集散中心,重庆,重庆,重庆,023,159****8887,龙头寺,天宫殿街道昆仑大道56号附1号,景点,旅行社,106.553438,29.605592
五云山寨,重庆,重庆,重庆,023,65650508,沙坪坝区,回龙坝镇五云大队,景点,自然风光,106.372465,29.717735
雪玉洞景区,重庆,重庆,丰都县,023,70637999,丰都县其他,203省道,景点,自然风光,107.797638,29.782385
三峡梯城,重庆,重庆,云阳县,023,55182111,云阳县中心城区,青龙街道望江大道与梨园路交叉口东北角,景点,自然风光,108.712731,30.935773
风行天下旅行社,重庆,重庆,重庆,023,,观音桥,建新北路茂业大厦34楼35-26室,景点,旅行社,106.531172,29.577759
丰都鬼城名山景区,重庆,重庆,丰都县,023,70773333;70600966,丰都县其他,名山镇名山路152号,景点,历史建筑,107.72565,29.88611
碰碰车游乐场,重庆,重庆,南川区,023,,西门桥,和平路润一江名润广场北侧约160米,景点,游乐场,107.097176,29.157463
鸥鹏·中央公园,重庆,重庆,潼南区,023,44411888,潼南区其他,创意大道66号,景点,公园/广场,105.82565,30.158038
马蹄街,重庆,重庆,重庆,023,,解放碑,(渝中解放碑)中心路,景点,步行街,106.570545,29.561405
金茂街,重庆,重庆,重庆,023,,袁家岗,长江二路金茂珑悦,景点,观光街区,106.511975,29.525015
融汇温泉城b区,重庆,重庆,重庆,023,,天星桥,清溪路5号,景点,温泉,106.445726,29.555586
希望玫瑰园,重庆,重庆,合川区,023,,南津街,南津街三江希望城499号,景点,植物园,106.276665,29.976332
海航乐游,重庆,重庆,重庆,023,86038326;139****7535,天生丽街,天生路231-5号（西南大学二号门）,景点,旅行社,106.42202,29.813693
淮远古镇,重庆,重庆,铜梁区,023,,新城区,金龙大道21号（南城街道办事处附近）,景点,古村古镇,106.079613,29.826101
江湾广场,重庆,重庆,重庆,023,185****0789,北滨路,北滨1路363号（渝澳大桥桥下）,景点,广场,106.535751,29.558695
较场坝,重庆,重庆,合川区,023,,城北,合阳城街道,景点,更多景点/周边游,106.258593,29.988913
隆鑫三峡国家度假公园,重庆,重庆,巫山县,023,,巫山县其他,柳坪村,景点,公园/广场,109.962106,31.048838
四面山水洛维,重庆,重庆,江津区,023,,江津区,桂苑C区,景点,景点/周边游,106.411479,28.653929
洋河步行街小区,重庆,重庆,璧山区,023,,兴旺路,璧城街道兴旺正街,景点,步行街,106.230818,29.595507
海怡天广场,重庆,重庆,涪陵区,023,,海怡天/消防队,稻香路4号附4号,景点,公园/广场,107.379639,29.701674
卢作孚广场,重庆,重庆,合川区,023,,城北,涪滨路79-82号,景点,广场,106.263649,29.987528
万里城墙,重庆,重庆,万州区,023,,国本路/孙家书房,国本路27号,景点,人文古迹,108.373528,30.81576
重庆骄阳游艇俱乐部,重庆,重庆,重庆,023,88069489,南滨路,南坪街道南滨路游艇广场向北100米处,景点,游艇,106.572205,29.54125
花漾年商街,重庆,重庆,潼南区,023,,潼南区其他,兴潼大道343号,景点,观光街区,105.833681,30.190331
重庆紫锦皇程国际旅行社,重庆,重庆,重庆,023,62629472,南坪,江南大道万达广场3号楼15-9室,景点,旅行社,106.569621,29.525821
爱莲湖湿地公园,重庆,重庆,铜梁区,023,64410897,铜梁区其他,土桥镇庆林村20社,景点,自然风光,106.004341,29.794866
虎峰山,重庆,重庆,重庆,023,,沙坪坝区,莲花湖风景区附近,景点,自然风光,106.251862,29.544933
新闻国际旅行社,重庆,重庆,万州区,023,58142751,外贸,新城路半身缘裤业旁,景点,旅行社,108.381813,30.80954
天上黄水大剧院,重庆,重庆,石柱土家族自治县,023,64095555,石柱土家族自治县其他,川鄂街25号附近,景点,更多景点/周边游,108.397011,30.24581
平湖盈梦旅行社,重庆,重庆,万州区,023,,国本路/孙家书房,国本路158号旅游集散中心,景点,旅行社,108.369387,30.81639
旅游百事通,重庆,重庆,大足区,023,43725666;43773378,大足区,先锋路24号,景点,旅行社,105.718701,29.704281
载君舟,重庆,重庆,璧山区,023,,青杠,石河四街43号,景点,更多景点/周边游,106.235757,29.465553
中国旅行社,重庆,重庆,重庆,023,89009737,沙坪坝/重庆大学,沙坪坝街道劳动路大众驾校旁,景点,旅行社,106.459056,29.570976
中旅总社,重庆,重庆,永川区,023,49813188,老城区,玉屏路28号,景点,旅行社,105.902134,29.349058
九州国旅捷途旅行,重庆,重庆,璧山区,023,159****5667,璧山区其他,24米大街丁家中学门口,景点,旅行社,106.147441,29.405711
重庆欢乐谷,重庆,重庆,重庆,023,65866000;86063555,北部新区,金渝大道29号,景点,主题乐园,106.518117,29.667729
麒麟神旅社,重庆,重庆,彭水苗族土家族自治县,023,,彭水苗族土家族自治县其他,文庙街李记串串香旁,景点,旅行社,108.170486,29.298667
凯旋饰佳,重庆,重庆,大足区,023,,大足区,双北路125号,景点,步行街,105.766608,29.485488
清溪河,重庆,重庆,江津区,023,,江津区,蔡家--清溪沟道,景点,自然风光,106.410841,28.833241
武隆天坑寨子景区,重庆,重庆,武隆区,023,81121999,仙女山景区,明星村明星组,景点,民俗文化村,107.824409,29.449289
海升旅业集团旅游百事通,重庆,重庆,涪陵区,023,72251515,涪陵区其他,兴华中路53号区政府斜对面,景点,旅行社,107.390692,29.702572
旅游百事通,重庆,重庆,大足区,023,43393777,大足区,小雨点幼儿园南门西190米,景点,旅行社,105.768365,29.486295
中国青旅,重庆,重庆,长寿区,023,40888902;180****9766,协信老城,向阳路2号新世纪百货(向阳路店)F1层,景点,旅行社,107.073273,29.831211
月潭度假村,重庆,重庆,万州区,023,139****0870,万州区其他,071乡道附近,景点,景点/周边游,108.502684,30.659667
中旅总社,重庆,重庆,长寿区,023,40310899,协信老城,长寿路43号附2号,景点,旅行社,107.072089,29.830789
载君舟,重庆,重庆,荣昌区,023,,荣昌区其他,农贸街永荣广场西侧约100米,景点,更多景点/周边游,105.523301,29.372051
荣昌清真大寺,重庆,重庆,荣昌区,023,,荣昌区其他,顺河路中国邮政储蓄银行旁,景点,宗教,105.338105,29.58974
渝之旅国际旅行社有限公司,重庆,重庆,重庆,023,60300611,北碚正码头,中山路6号,景点,旅行社,106.440692,29.831432
珍稀植物园,重庆,重庆,璧山区,023,130****8907,璧山区其他,108省道金羽杰对面,景点,植物园,106.150887,29.407717
重庆中旅集团长生门市部,重庆,重庆,重庆,023,62499975,茶园新区,黄明路必茂小区东侧约40米,景点,旅行社,106.665533,29.504385
洛碛水上漂,重庆,重庆,重庆,023,139****3151,一碗水,一碗水凯歌路后街5号附4号（双龙地铁站2号口步行460米),景点,漂流,106.615048,29.697758
重庆北斗国旅,重庆,重庆,万州区,023,58337777,高笋塘/白岩路,白岩路230号附2号,景点,旅行社,108.372983,30.813123
武陵山森林公园,重庆,重庆,涪陵区,023,72712080,涪陵区其他,大木乡022乡道武陵山国家森林公园,景点,森林公园,107.604115,29.540161
海航乐游,重庆,重庆,重庆,023,88759656,长安锦绣城,松牌路长安锦绣城人人乐超市内,景点,旅行社,106.515679,29.594389
海子湖,重庆,重庆,重庆,023,,渝北区,仙桃街道,景点,自然风光,106.561211,29.758169
天坑景区,重庆,重庆,奉节县,023,,奉节县中心城区,兴隆镇竹枝路,景点,自然风光,109.458771,31.01445
栖霞宫,重庆,重庆,云阳县,023,55128228,云阳县其他,城西北五公里处,景点,历史建筑,108.873001,30.986652
基督教礼拜堂,重庆,重庆,重庆,023,63914844,较场口,解放西路73号,景点,宗教,106.576447,29.549313
巴蔓子墓,重庆,重庆,重庆,023,85568847,解放碑,莲花池民生路299号渝海大厦B2层,景点,古代遗迹,106.569192,29.556672
塘河古镇,重庆,重庆,江津区,023,47346488,江津区,塘河镇思善街17号正北方向30米,景点,古村古镇,106.049507,28.957341
岩溶国家地质公园,重庆,重庆,武隆区,023,,武隆区其他,芙蓉江畔,景点,公园/广场,107.709848,29.373098
王二包自然保护区,重庆,重庆,万州区,023,,万州区其他,龙双公路,景点,自然保护区,108.75193,30.66252
渝中烈士墓,重庆,重庆,重庆,023,,渝中区,鹅岭正街与健康路交叉口西南140米,景点,烈士陵园,106.53748,29.549543
松籁阁,重庆,重庆,重庆,023,62463375,黄桷垭/南山,植物园路1号重庆抗战遗址博物馆,景点,人文古迹,106.618871,29.565472
九盘河漂流,重庆,重庆,奉节县,023,130****1000,奉节县其他,冯坪乡皂角村,景点,漂流,109.510595,30.799985
巴渝民俗博物馆,重庆,重庆,重庆,023,67823414,两路,双龙大道97号（碧津地铁站1号口步行450米）,景点,博物馆,106.629616,29.711147
德国大使馆旧址,重庆,重庆,重庆,023,,黄桷垭/南山,黄桷垭后街文峰段72号,景点,古代遗迹,106.596878,29.533689
